id;title;dictate
4;Výprava;Vlakové soupravy zastavil[i/y|01] u perónu. Vystoupil[i/y|10] jsme a vydal[i/y|10] se na túru. Zdálo se, že na vesnici již sklidil[i/y|10] úrodu. Žnečky chodil[i/y|01] bosé. Malý Lukáš se bál, že se počasí pokaz[í/ý|10]. Toto děti hlás[í/ý|10] samy. Náhle kanci rozryl[i/y|10] planinu. Přidal[i/y|10] jsme tedy do kroku směr vrchol. Rozhledy z kopců bral[i/y|01] dech. Stébla travin se ohýbal[a/y|10] ve větru. Cestou dolů jsem viděl, že muže domů rozvážel[i/y|01] trakaře. A protože jabloně plodil[i/y|01] nádherné ovoce, jedno jsem si utrhl a nasedl na vlak domů.
5;Revolta;Dny plynul[i/y|01] jeden za druhým. Nárožími zněl[i/y|01] revoluční písně. Za štíty se objevil[i/y|10] těžkooděnci. Skupiny chodců pozoroval[i/y|01] dění a započal[i/y|01] demonstrovat. Spořádané kordóny však bránil[i/y|01] střetům. Všechna města úpěl[a/y|10] pod náporem tohoto počinu. Davy demonstrantů vykřikoval[a/y|01] hesla, která vyzýval[a/y|10] ministra k odstoupení. Politici raději odcestoval[i/y|10] na chalupy. Demonstranti překročil[i/y|10] obrannou linii. Okolnosti i lidé se však změnil[i/y|10]. Nakonec přijaté smlouvy vedl[i/y|01] k uzavření příměří.
6;Život v přírodě;Zrána se děti vydal[a/y|01] na houby. Oči jim jen zářil[i/y|01]. Jabloně plodil[i/y|01] nádherné ovoce. Stébla travin se ohýbal[a/y|10] ve větru. Vydry lovil[i/y|01] ryby. Krtci lovil[i/y|10] žížaly. Křídla vážek a šídel se třepotal[a/y|10]. Koně přešl[i/y|10] do klusu. Na podzim se ozýval[i/y|10] datlové i káňata. Avšak čekal[o/y|10] je také nemilé zjištění. Včely hynul[i/y|01]. Moli dokonce hynul[i/y|10] po stovkách a sýkorky vyzobával[i/y|01] kosům mls.
7;Na pláži;Dívky se procház[í/ý|10] po pláži. Sledě chlapcům náramně chutnal[i/y|01]. Nad pláží přelétal[i/y|10] jiní tažní ptáci. Chlapcovy uši zčervenal[a/y|01] opálením. Dívky obšíval[i/y|01] nabírané rukávy a smál[a/y|01] se. Nepochopil[i/y|10] jsme, jak to holky myslel[i/y|01]. Janiny oči přitom tak zazářil[i/y|01]. Zamilovala se. Kluci se ukryl[i/y|10] do chaty a něco chystal[i/y|10]. Dveře se přitom větrem zavíral[a/y|01]. Děvčata a chlapci se rozhodoval[i/y|10], koho pozvat na párty. Děti matkám slíbil[i/y|01] poslušnost, ale matky přesto hořekoval[i/y|01]. Děti se teď hlás[í/ý|10] samy okolo poledního. Některé dokonce dostal[a/y|01] úpal.
8;Těžký život;Těžké živob[i/y|01]tí mě provází celý život. Dob[i/y|01]tek uhynul, ledab[i/y|01]lý b[í/ý|01]k se vzpouzí a b[i/y|10]zon utekl. Zab[i/y|01]dlil jsem se tedy hb[i/y|10]tě s ob[i/y|01]vateli B[i/y|01]střiny. Hodiny odb[i/y|10]ly neodb[i/y|01]tně půlnoc a sneslo se krupob[i/y|10]tí. B[i/y|01]linky mi připadaly vhodné pro b[í/ý|01]ložravé b[í/ý|01]čky. Zato b[í/ý|10]lé pečivo je nejlepší pro b[i/y|01]stré, zlob[i/y|10]vé děti z Kob[i/y|01]lis. Nab[i/y|01]tý majetek jako sb[í/ý|10]ječka, b[i/y|10]kini a b[i/y|10]žuterie jsem pozb[i/y|01]l. Zab[í/ý|01]vám se především náb[i/y|01]tkem.
9;Bubnování;Zb[i/y|01]něk se rád zab[í/ý|01]va hrou na b[i/y|10]cí. Tvář mu zdob[í/ý|10] vlasy barvy ob[i/y|10]lí a vypadá trochu jako hob[i/y|10]t. Ob[i/y|01]čejně hraje ve svém ob[i/y|01]dlí, na B[i/y|01]stré ulici. Náb[i/y|01]tek v celém b[i/y|01]tě se otřásá, hluk přib[í/ý|01]vá a maminka se zlob[í/ý|10]. Je silný jako stádo b[i/y|10]zonů a dokáže b[í/ý|01]t tvrdohlavý jako b[í/ý|01]k. Aby b[i/y|01]l doma klid, přestane b[í/ý|10]t a uloží b[i/y|10]cí hůlky do krabice. Je to b[i/y|01]strý kluk.
10;Piknik;Kominík Přem[i/y|01]sl se zam[i/y|10]loval do sousedky Dom[i/y|10]niky. Dlouho přem[í/ý|01]šlel, zda ji vzít na projížďku na pram[i/y|10]ci, sm[i/y|01]čcový koncert nebo M[i/y|10]strovství v dom[i/y|10]nu. Nakonec vym[i/y|01]slel piknik na m[í/ý|01]tince. Důkladně ze sebe m[í/ý|01]dlem sm[i/y|01]l špínu a nachystal m[í/ý|10]su s jídlem. Za stm[í/ý|10]vání na jejich sm[i/y|01]sly útočila spousta barev. Za stromem se m[i/y|10]hl roztom[i/y|10]lý m[í/ý|01]val. Nem[i/y|10]lé překvapení je však čekalo, když otevřeli košík. Jídlo sežraly m[i/y|01]ši!
11;Klokan;Klokan ukazuje ob[i/y|01]vatelům Kob[i/y|01]lis svoje b[i/y|10]cepsy. Líbí se mu Panda, ale ta by s ním neb[i/y|01]la ani za b[i/y|10]lion let. Všechno dob[í/ý|01]vání je zb[i/y|01]tečné: nab[í/ý|10]zí ji blahob[i/y|01]t, ale sám zatím b[i/y|01]dlí v ob[i/y|01]čejném příb[i/y|01]tku. Chlubí se b[i/y|01]strostí, ale nezná ani malou násob[i/y|10]lku. Klokanova b[i/y|10]lance zlob[i/y|10]vých dobrodružství zab[í/ý|10]rá pořád víc místa. Včera bab[i/y|10]čce rozb[i/y|10]l brýle a slíb[i/y|10]l, že po jeho b[i/y|01]linkovém čaji bude b[i/y|01]strozraká. Neb[i/y|01]la. Na hodině b[i/y|10]ologie ukořistil sb[í/ý|10]rku b[í/ý|10]lkovin a ledab[i/y|01]le s ní pob[í/ý|10]hal mezi náb[i/y|01]tkem. Pak musel s profesorem do kab[i/y|10]netu a odb[í/ý|01]t si trest - lisovat zlatob[í/ý|01]l. Co asi způsob[í/ý|10] příště?
12;Pan Crusoe;Rob[i/y|10]nson by rád byl hb[i/y|10]tější. Často se poraní, když přib[í/ý|10]jí hřebík ve svém ob[i/y|01]dlí, nebo když sb[í/ý|10]rá zásoby. Aby si zajistil živob[i/y|01]tí, pěstuje b[i/y|01]liny a chová dobytek. Oblíb[i/y|10]l si zejména b[í/ý|01]čí žlázy, b[i/y|10]zoní b[i/y|10]fteky, krabí tyčinky a pečené kob[i/y|01]lky. Nerad zab[í/ý|10]jí, ale nab[i/y|10]tá puška je nezb[i/y|01]tná k přežití. Na pustém ostrově není velký blahob[i/y|01]t: žádné b[í/ý|10]lé pečivo, žádný b[i/y|10]ograf. Hodiny neodb[í/ý|10]její půlnoc a jedinými spoluob[i/y|01]vateli jsou starob[i/y|01]lé bab[i/y|01]ky a divocí b[í/ý|01]ložravci.
13;Prales;V pralese si op[i/y|10]ce hrály na námořní kap[i/y|10]tány. Motýli naokolo p[i/y|10]lně op[i/y|01]lovali květy, pestrobarevná ptačí p[í/ý|10]rka se třp[i/y|01]tila a na řece se čep[í/ý|01]řil ptákop[i/y|01]sk. Najednou se ozvalo pronikavé zap[í/ý|10]skání, které p[í/ý|10]lilo uši. Poplach, blíží se p[i/y|01]tláci! Op[i/y|10]čí bojovníci začali nap[í/ý|10]nat luky a nabíjet p[i/y|10]stole. Nikdo nebude proti nim nevyzp[i/y|01]tatelně kout p[i/y|10]kle. Po nap[í/ý|10]navém boji si to p[i/y|01]šní p[i/y|01]tláci odp[i/y|01]kali. Zůstal z nich jenom p[i/y|01]tlíček neštěstí.
14;Nejtemnější hlubina 1;Hugo s Idou stál[i/y|10] vysoko nad b[i/y|01]střinou, jejíž zkalené vody unášel[i/y|01] kusy vzrostlých stromů, keřů, spletence travin a mrtv[í/ý|01] hmyz. Ida, Hugova kamarádka z dětství, se necítila nejlépe. Už hodnou chvíli oba klop[í/ý|01]tali strm[í/ý|01]m svahem, v mě[k/kk|01]é hlíně, rozmoklé po vydatné bouřce, jim ujížděly nohy a kapky potu slepil[i/y|01] vlas[i/y|01]. Konečně se vyčasilo, otvorem v mracích vysv[i/y|10]tly paprsky slunce a povyk řeky byl stále ti[š/šš|01]í. Byli na m[í/ý|10]stě, které hledal[i/y|10]. „Ro[s/zs|01]viť si baterku,“ řekl [h/H|01]ugo, ukázal rukou na otvor v kame[n/nn|01]é skalní stěně a dodal: „Dobrodru[šs/žs|01]tví začíná.“
15;Nejtemnější hlubina 2;Hugo a Ida zůstali sam[i/y|10] s tmou. Tajem[n/-|10]ě vyhlížející štola se v[i/y|10]nula hned vpravo, hned vlevo, zanedlouho poté, co minul[i/y|10] několik odboček, ztratili povědom[í/ý|10] o směru cesty. Ještěže si Ida s sebou vzala křídu a v[i/y|01]značila šipkami směr k de[n/nn|01]ímu světlu. „Jen aby tu nebyl[i/y|10] netop[í/ý|01]ři,“ povzdechla si Ida a pokračovala: „Mám z nich fobii.“ „Ale jdi,“ odvětil Hugo, „přece m[ě/ně|01] nechceš namluvit, že tě v[i/y|01]děsí m[i/y|01]š s křídl[i/y|01]. To bys m[ě/ně|10] [s/z|01]klamala.“Kapy, kap, znělo chodbou, to jen šňůrky vody, které se leskl[i/y|01] na stěnách jako ce[n/nn|01]é drahokam[i/y|01], padaly k zemi. Ida, která šla vepředu, si posvítila na stále ni[šš/žš|01]í strop, udělala dva kroky a s náhlým výkřikem zm[i/y|10]zela.
16;Nejtemnější hlubina 3;Hugov[i/y|01] myšlenky strnuly hr[ú/ů|01]zou. Kam až jen mohla spadnout, blesklo mu hlavou, když přiskočil k dom[ě/ně|01]le bezedné šachtě, jejíž shnilé v[í/ý|10]ko nevydrželo Idinu váhu. Skutečnost byla nakonec příjem[ě/ně|01]jší.„Nečum,“ ozvalo se z díry pod ním, v jámě stála Ida s mokrými šaty, po pás ponořená ve [s/z|01]čeřené vodě. Hugo rozum[ě/ně|01] usoudil, že nejlepší bude mlčet,a chtěl Idě pomoci ven z kapaliny, ta ho však zarazila. „Asi si budeš taky muset ověřit [a/A|01]rchiméda, neplavče,“ ušklíbla se na něj, „tahle chodba pokračuje vodou.“ Hugo v první chvíli nerozum[ě/ně|10]l, pak zjistil, že suchá chodba končí po dvou metrech, zatímco vodní odbočka mizí ve tmě. Vlastně ne. V záhybu tunelu voda modravě světélkovala.
17;Nejtemnější hlubina 4;Na to, co se stalo vzáp[ě/je|10]tí, Hugo ani Ida nikdy nezapomněl[i/y|10]. Hugo se lekl, že voda je radioaktivní, udělal úkrok stranou a [s/z|10]kácel mal[í/ý|01] sloupek. Řach, povolil[i/y|01] stropní trám[i/y|01], Ida sm[í/ý|01]kla Hugem k sobě, pak se jen oba dívali, jak chodbu, kterou sem přišli, zas[i/y|01]paly kame[n/nn|01]é bloky.Zvířený prach se snášel k zem[i/y|10]. „Jsme v pytli,“ zděsil se Hugo.„Nepov[i/y|01]kuj, zbabělče,“ okřikla ho Ida, „ještě žijeme!“ Sama si však v tu chvíli myslela, o co by bylo lepší sedět ve škole a psát diktát na ta nejtě[šš/žš|01]í cizí slova. „Jak se jen píše c[i/y|01]klus, k[i/y|01]bernetika, l[i/y|01]rika a s[i/y|01]metrála?“ zeptala se nahlas. Hugo na ni vytřeštil oči, snad se nezranila na hlavě, strachoval se. Jeho obavy však byly liché, neboť Ida přestala slab[i/y|10]kovat a sklonila se k pl[i/y|01]noucí vodě, aby prozkoumala její zbarvení. Ke svému úžasu ob[ě/je|01]vila, že pod hladinou se prohání stovky malých mloků, jejichž hřbetní skvrny se bl[í/ý|01]skaly podivnou září. A mloci je svými pohyby lákal[i/y|10] dál do nitra skály.
18;Nejtemnější hlubina 5;Další tři hodiny byl[i/y|01] velmi obtížné. Postupovali hlem[í/ý|01]ždím tempem proti vodě, v plynulé chůz[i/y|10] jim překážely [s/z|10]padané kus[i/y|01] balvanů. Na rozpraskaných stěnách se chvílem[i/y|10] objevovaly podivně nesm[i/y|01]slné obraz[i/y|01], Hugo zaregistroval, že se na nich opakuje symbol spletených hadů. Kdyby to tak viděla [m/M|01]gr. [p/P|01]rkvošová, známá česká historička um[ě/ně|10]ní, pomyslel si Hugo, ta by z[í/ý|10]rala.Nutno poznamenat, že Hugo se znal s [p/P|01]epíkem [p/P|01]rkvošem z jarního čtyřde[n/nn|01]ího výletu po [j/J|01]izerských [h/H|10]orách. Jinak byl, narozdíl od Idy, světem um[ě/ně|10]ní zcela nedotčen.„Fuj, to je v[ú/ů|01]ně,“ řekla náhle Ida a zatvářila se, jako kdyby polykala pel[i/y|01]něk. S[i/y|01]rově nepříjemné pachy se dob[í/ý|01]valy i do Hugova čichového ústrojí. V modravých mločích záblescích pak oba uviděl[i/y|10], že v potoce cosi leží - věc, která vypadala jako mrtvý krokodýl. Jenže se třemi hlavami.
19;Nejtemnější hlubina 6;Můj mil[í/ý|01] čtenáři, [t/T|01]ebe by již jistě zajímalo[,/-|10] co se mezitím děje na povrchu zem[ě/ně|10]. V Hugově rodné obci zatím nikdo nic netuší. Náhle však do ulice [z/Z|01]a [h/H|01]radbami, kde sídlí [o/O|01]becní [ú/Ú|10]řad [s/S|01]tarého [m/M|01]ěsta pod [s/S|01]tříbrnou [h/H|10]orou, někdo vbíhá. Jsou to spolužáci našich hrdinů z [g/G|01]ymnázia na tř. [b/B|01]edřicha [s/S|01]metany, kteří ráno stopovali Huga a Idu v rámci bojové hry. Ještě před pár okamžiky se cítili jako [i/I|10]ndiáni, když podle smluve[n/nn|10]ých značek hledali zlato [i/I|01]nků, které jim měl Hugo schovat ve štolách patřících [m/M|01]ineralogickému [m/M|10]uzeu. Jenže čerstvě nakupené balvany[,/-|01] jim zatarasily cestu[,/-|01] a pod jedním z nich ležela [i/I|01]dina brašna s její oblíbenou básnickou [s/S|10]bírkou [a/A|01]ž do konce [l/L|10]ásky od Františka Hrubína. Poplach byl v[i/y|01]volán.
20;Nejtemnější hlubina 7;Zatím ovšem Hugo zkoumá trojici krokodýl[í/ý|10]ch hlav. „Jako kdybych cítil [s/z|10]hnilý dračí dech,“ pravil posléze[,/-|10] jenže Ida ho okamžitě sjela: „Je to hříčka přírody[,/-|10] ty důvěřivý romantiku!“Pak oba zmlkli, stejně jim v jejich situaci[,/-|10] kdy nevěděli[,/-|10] jestli vůbec ještě spatří lesy, údolí, nebe[,/-|01] a slunce[,/-|10] nebylo příliš do řeči. Modří mloci[,/-|10] na jejichž třpytivé světlo[,/-|01] si již dávno zvykli, jim stejně nedali šanci dlouho přemýšlet[,/-|10] a tak klop[í/ý|01]tali dál. Zaregistrovali jen[,/-|10] že pod převislými stěnami[,/-|01] na okrajích štoly[,/-|01] vyplavaly veliké bubliny[,/-|10] které s[i/y|01]čivě praskaly.Ida s Hugem zmizeli za zatáčkou chodby[,/-|10] jedna z l[i/y|01]sých hlav se zachvěla[,/-|01] a její oči se otevřely.
21;Nejtemnější hlubina 8;Během další p[ú/ů|01]lhodiny pochodu nenastaly žádné význam[ě/ně|01]jší změny[,/-|10] až si Hugo začal myslet, že jejich strádání nikdy neskončí. Jeho dom[ě/ně|01]nky však byly liché, neboť se před nimi náhle otevřel potem[ě/ně|01]lý prostor[,/-|10] sál[,/-|10] v jehož klenbě létal[i/y|01] stovky netopýrů. Svítící mloc[i/y|10] se [s/z|10]hromáždili na jednom konci jezera, kde stál kame[n/nn|01]ý oltář. Ida[,/-|10] která nem[ě/ně|10]la ráda podobné hlavolam[i/y|01], přistoupila blíže[,/-|10] ačkoliv obyčejně by do místa plného létající havěti[,/-|01] nikdy nevkročila. Na podstavci ležel šestihranný amulet[,/-|10] a když na něj Ida položila ruku, jeho světlo vytrysklo jako modrá fontána. Netopýři zapištěli[,/-|01] a shlukli se v nejvy[šš/žš|10]ím bodě stropu, jehož zkřivené výstupky[,/-|01] jim poskytly alespoň malou ochranu proti bodavé záři. A pak se to stalo.
22;Nejtemnější hlubina 9;Proudy žlutého ohně zalil[i/y|01] celé prostranstv[í/ý|10]. V bl[í/ý|01]skavém světle výbuchů[,/-|01] Hugo zahlédl[,/-|10] jak celé kusy stropu praskají vlivem strašlivé v[í/ý|01]hně a padají k zemi. Stěny[,/-|10] do nichž udeřil plamen přímo, se zkroutily jako mě[k/kk|01]ý vosk[,/-|01] a vodní páry zahalily celý sál do bíl[í/ý|01]ch cárů. Hugo s hrůzou spatřil Idu, která po zásahu malým kamenem klop[í/ý|01]tla a [s/z|10]klouzla do vody. Nad jejím tělem[,/-|01] se náhle vzt[i/y|01]čila tříhlavá nestvůra, její s[í/ý|10]pavý dech ještě žhnul plamenem, kterým před chvílí zničila sál[,/-|10] a Hugo si uvědomil, že vidí neuv[ě/je|10]řitelnou v[ě/je|10]c. „Drak[,/-|10] to není možný,“ přistihl se Hugo, jak mluví nahlas. Náhle se dvě z plazích hlav obrátily k němu[,/-|10] oheň v jejich tlamách se znovu rozdm[í/ý|01]chal a vyšlehl. Hugo se reflexivně [s/z|10]choulil, pak ho obestřel[i/y|01] milosrdné mrákoty.
23;Nejtemnější hlubina 10;Ve štole panoval zdánlivě nek[o/oo|01]rdinovaný zmatek. Pan [ř/Ř|10]editel [g/G|01]ymnázia na [t/T|10]ř. Bedřicha Smetany stál uprostřed chodby[,/-|01] a volal: „Hej, ty tam[,/-|01] s tím šutrem, jdi tam. Ne tam[,/-|10] ale tam!“ Určitě si sam[i/y|10] dovedete představit[,/-|01] záchra[n/nn|01]é práce v plném proudu. Pak se v závalu ob[ě/je|01]vil černý otvor[,/-|01] a první zdravotník se vsoukal dovnitř. „Sem s nosítky,“ zařval vzáp[ě/je|10]tí, „jsou tu oba[,/-|10] oba v bezvědomí, ale dýchají!“ Vynést Huga a Idu ven bylo dílem okamžiku. Když se Pepík Prkvoš [s/z|10]klonil nad Idiným bezvládným tělem[,/-|10] zaslechl, jak slabě šeptá: „Amulet, kde je modrý amulet?“ Pepík si ro[ss/zs|01]vítil baterku a ještě naposledy vklouznul do teď již opuštěné štoly. V malé louži za závalem cosi modravého zahlédl. [S/Z|10]klonil se níž. V tu chvíli se rozezněl chodbou hromov[í/ý|01] rachot a Pepík zkameněl hrůzou.„Ať už tě tu nevidím[,/-|10] ty syčáku[,/-|10] chceš, abychom museli zachraňovat ještě [t/T|10]ebe!?“ V portálu dolu stál [v/V|10]edoucí týmu [z/Z|10]áchranářů a pozoroval, jak Pepík uhání ze stráně, taktak že nespadl do rozvodněné b[i/y|01]střiny, jejíž zkalené vody unášel[i/y|01] kus[i/y|01] vzrostlých stromů, keřů, spletence travin, mrtv[í/ý|01] hmyz a opuštěnou kadibudku.
24;Andrejovy trampoty;Ztepil[í/ý|10] muži už netrpělivě čekali. Andrej jako prav[í/ý|01] svůdce nasadil šelm[í/ý|10] úsměv a v kapse ho tlačila peněženka z buvol[í/ý|10] kůže. Svým způsobem to byl poctiv[í/ý|01] člověk, navíc znal[í/ý|01] ciz[í/ý|10]ch jazyků, který dokázal neznám[í/ý|01]m lidem vykouzlit mil[í/ý|01] úsměv na tváři, zároveň ale vedl osaměl[í/ý|01] život. Někteř[í/ý|10] o něm tvrdili, že je maminč[i/y|10]n mazánek. Jakmile vešly první ženy do místnosti, zakusil Andrej dusiv[í/ý|01] pocit, že je celé tohle seznamování strašliv[í/ý|01] omyl. Všichni ostatní muži vypadali vesel[í/ý|10], že se něco konečně děje, ale Andreji stačil letm[í/ý|01] pohled na první z dam a už se cítil jako toulav[í/ý|01] pes. Nehleděl na to, jestli nebude jeho odchod moc drz[í/ý|01] a osl[í/ý|10]m skokem se hnal ke dveřím.
25;Domácí idyla;Sousedov[i/y|10] koně frkali na dvoře a tento zvuk působil konejšiv[í/ý|01]m dojmem. Ledov[í/ý|01] rampouch visel z kovov[í/ý|01]ch vrat, hověz[í/ý|10] polévka bublala v hrnci a ve světl[í/ý|01]ch koutech místnosti si na zemi hráli usměvav[í/ý|10] caparti. Babička nasadila spíc[í/ý|10]mu dědečkovi pomal[í/ý|01]m pohybem brýle a ze svetru mu smetla šediv[í/ý|01] vlas. Tak vypadá ryz[í/ý|10] láska, která si ničeho nežádá. Najednou se ozvalo ps[í/ý|10] zaštěkání. Babička Kuliferdu okřikla, ale ten dál štěkal jako zběšil[í/ý|01]. Ještě ospal[í/ý|01] dědeček se přišoural k oknu, aby viděl, zda přichází někdo znám[í/ý|01] nebo snad Pavlíkov[i/y|10] spolužáci, ale viděl jen sousedov[a/y|10] děvčata, jak zápasí s papírov[í/ý|01]m drakem.
26;Lovci z pravěku;Pravěc[í/ý|10] lovci uctívali modly ledov[í/ý|01]ch bohů a přinášeli jim zvířec[í/ý|10] oběti. Uchylovali se i ke krvav[í/ý|01]m rituálům, tak tvrdohlav[í/ý|10] byli ve své víře. K civilizaci spěli jen pomal[í/ý|01]mi krůčky. V době sucha se plížili ke lv[í/ý|10]m doupatům a tvory, kteří byli příliš pomal[í/ý|10], usmrcovali vrhac[í/ý|10]mi zbraněmi. Vskutku nevesel[í/ý|01] výjev, máte-li citliv[í/ý|01] žaludek. Sobol[í/ý|10] kožešiny si přehazovali navykl[í/ý|01]m způsobem přes plece a napínav[í/ý|01]mi historkami si zpříjemňovali chvíle u planouc[í/ý|10]ho ohně. Právě takov[í/ý|10] byli hrdinové Štorchov[í/ý|01]ch příběhů.
27;Hubert a Braník;Hubert byl kouzel[n/nn|10]ický učeň. Všichni bra[n/nn|10]ičtí obyvatelé ho měli rádi, přestože se učil na hradě u Trojkla[n/nn|10]ého kamene, protože byli ze zásady pohosti[n/nn|01]í. Navíc jim svými kouzly často pomáhal s přemisťová[n/nn|10]ím kame[n/nn|01]ých strusek a s pěstováním vi[n/nn|01]é révy. A to nikoli z povi[n/nn|01]osti! Jen občas, když slu[n/nn|01]é dny vystřídala mrač[n/nn|10]á obloha a úrodě se nedařilo, bylo to jeho kla[n/nn|10]ovým mistrům klade[n/nn|10]o za vi[n/nn|10]u. Ale ať už byli, či nebyli těmito okol[n/nn|10]ostmi vi[n/nn|01]í, Hubert jistojistě vi[n/nn|10]en nebyl.
28;Cizopasníci;Stalo se to jednoho dne k poled[n/nn|10]ímu. Cizopas[n/nn|10]é houby napadly oddenky vi[n/nn|01]é révy a způsobily v Braníku katastrofu nevída[n/nn|10]ých rozměrů. Nepomáhalo nic, dokonce ani olově[n/nn|10]é ohrádky okolo vi[n/nn|10]ic. Telefo[n/nn|01]í ústředny pukaly ve švech, jak se majitelé pozemků snažili zachránit de[n/nn|01]í, ba měsíč[n/nn|10]í ztráty na úrodě. Takováto přemrště[n/nn|10]á reakce se dala očekávat, stejně však bylo třeba učinit opatře[n/nn|10]í. Bra[n/nn|01]é oddíly byly rozmístěny napříč městečkem a bylo vyhlášeno sta[n/nn|01]é právo. Jen přechod[n/nn|10]ě, samozřejmě. Ra[n/nn|01]ímu pochodu nejodváž[n/nn|10]ějších a nejvzpur[n/nn|10]ějších obyvatel na sti[n/nn|01]é místo, kde hvozd kryje hrad kouzel[n/nn|10]ého bratrstva, však ani pluky milicio[n/nn|10]ářů zabránit nedokázaly.
29;Hubert zachraňuje situaci;Někteří šli pěšky, někteří jeli na motocyklu, pokud měli dostatek poho[n/nn|01]é hmoty. Některé starší občany už chytaly křeče v oblasti stehe[n/nn|01]í, když skupina pomstychtivců dorazila na teme[n/nn|10]o kopce. Hrad černokněž[n/nn|10]íků byl monumentální na pohled, zkrátka ve stylu ra[n/nn|10]é gotiky. Rozlíce[n/nn|10]í muži začali obyvatelům pevnosti spílat, utišil je až plame[n/nn|01]ý proslov jejich vůdce. Na jeho slova zareagoval vůdce čarodějů Azrik, který z okna zavolal krákavým hlasem, jenž trochu připomínal havra[n/nn|10]í skřeky: “Nejsme ničím vi[n/nn|01]i. Vždy jsme k vám zachovávali pohosti[n/nn|01]ost a ve všem jsme byli upřím[n/nn|10]í. Odejděte v pokoji a já budu pro tentokrát blahosklo[n/nn|01]ý.” Kolem ucha mu hvízdl hlině[n/nn|10]ý projektil. Kouzelník vytáhl trně[n/nn|10]ou hůlku a rozpřáhl se k moc[n/nn|10]é kletbě. Zavčas ale zasáhl mezi lidmi oblíbe[n/nn|10]ý čarodějný učeň Hubert. Zmotnil nad měšťa[n/nn|10]y ochra[n/nn|01]é kouzlo a poté je všestra[n/nn|01]ě ujišťoval, že mágové za nic nemohou: “Půjdu do města s vámi, připravím byli[n/nn|01]ý lektvar, který cizopas[n/nn|10]é houby z vi[n/nn|10]ic odstra[n/nn|10]í.” A tak šli. Čarodějova výko[n/nn|01]ost všechny překvapila a žádné obscé[n/nn|01]osti už se v budoucnu neopakovaly.
30;Perla východních Čech;Litom[i/y|01]šl je městem m[i/y|10]strovské architektury, vym[i/y|01]kající se srovnatelným m[í/ý|10]stům v republice. Přepychové dom[i/y|01] a loubí vytváří až m[i/y|01]stickou atmosféru. Moderní architekt by se pom[i/y|10]nul, jen co na městečko pom[i/y|01]slí. V m[i/y|10]nulých dobách žila obec z m[í/ý|01]tného a těžby m[i/y|10]nerálů, protože měla dobré um[í/ý|10]stění, ale také z m[í/ý|01]cení stromů a následného prodeje dřeva. Status města získalo tvrziště ještě za vlády Přem[i/y|01]slovců. S trochou nadsázky bychom ale mohli říct, že v době renesance už Litom[i/y|01]šl snesla srovnání s M[i/y|10]lánem (v m[i/y|10]niaturním provedení, samozřejmě).
31;O špatné pověsti;Zam[i/y|10]ndrákovaní lidé si o něm m[i/y|01]sleli, že neum[í/ý|10] do pěti napočítat. Takovým by M[i/y|10]lan řekl: “Vlezte m[i/y|10]na záda.” Nejen, že se jeho m[i/y|01]sl dovedla rozdm[í/ý|01]chat jako oheň, zvlášť když se někde mluvilo o m[i/y|01]stických naukách, jako třeba o alchym[i/y|10]i, ale především byl zdatným sportovcem. Ten vám dovedl vým[i/y|01]k, to byste nevěřili! Kdepak, v atletice byl tenhle chlapík opravdový m[i/y|10]str, na hlem[í/ý|01]ždí tempo ho neužilo a hbitý byl jako m[i/y|01]š. Za špatnou pověst mohla jeho ochota hádat se s m[i/y|10]krobiology o sm[i/y|01]slu jejich výzkumu. Ani m[i/y|10]lion argumentů by ho neodradilo od jeho m[i/y|10]se. Jenže tvrdit přírodovědci, že hm[i/y|01]z patří na louku, a ne do laboratoře, má asi stejný sm[i/y|01]sl, jako vysvětlovat m[i/y|10]lované osobě, proč ji zam[i/y|01]káte večer doma, když jdete sam[i/y|10] hrát karty.
32;Zlodějské trampoty;P[i/y|10]stolníci byli v P[i/y|01]šeli vzácností, když už se něčím bojovalo, byla to p[í/ý|10]ka proti kop[í/ý|10]. Jediné, co připomínalo doby Divokého západu byl klop[í/ý|01]tavý krok, jakým se lup[i/y|10]č jménem P[i/y|01]tlík pohyboval ulicemi. Jeho akce byly nevyzp[i/y|01]tatelné.  Na své umění byl velmi p[i/y|01]šný. Jednou dokonce zcizil p[i/y|10]áno i s přep[i/y|01]chovou sochou z p[í/ý|10]sku. Jeho p[í/ý|10]le však přišla nazmar. Když op[i/y|10]lý z nakradeného p[i/y|10]va opouštěl dům, venku už dusala kop[i/y|01]ta městské hlídky. Třp[i/y|01]t naloupeného zboží hned přilákal pozornost policisty a to si p[i/y|10]šte, že byl zloděj v želízkách, než vůbec pohnul p[i/y|01]skem. U výslechu splaskl jako rozšlápnutá p[í/ý|01]chavka a další noci už zp[i/y|01]toval svědomí v cele, kde mu společnost dělaly jen náp[i/y|10]sy bývalých vězňů.
33;Málo exotičtí?;Dostat se do ZOO, to není jen tak, to chce p[í/ý|10]li. P[í/ý|01]řit se něčím takovým nemůže ledajaké zvíře. P[í/ý|10]t z třp[i/y|01]tivých misek, mít dostatek p[í/ý|01]ru, který mohou býložravci ukusovat, nebo dostat pokaždé novou dávku p[i/y|10]lin, na níž si mohou hlodavci hovět, to nemůže jen tak ledajaký tvor. Ze sudokop[i/y|01]tníků jsou třeba obvykle úspěšní jen hroši a žirafy, i když sem tam vedle nich trůní nejbližší příbuzný žirafy okap[i/y|10]. Netop[í/ý|01] to mají složitější, p[i/y|01]tláci o ně nemají velký zájem, takže zkrátka nejsou hlavním p[i/y|10]lířem zájmu přírodozp[i/y|01]tců a majitelů zahrad. Ani jinak p[i/y|10]lné včely a jiní op[i/y|01]lovači nemají štěstí. A slep[í/ý|01]ši? O ty si taky nikdo nep[í/ý|10]še. Jsou nanejvíš p[í/ý|01]chou luk a p[i/y|10]tomé předp[i/y|10]sy zoologů je pramálo zajímají. Jen si nechte své kap[i/y|01]bary!
34;Cizokrajný výlet;Za okny se set[mě/mně|10]lo, což v těchto ze[mě/mně|10]pisných šířkách nebylo nic nezvyklého. Večerní chládek ale způsobil, že jsem se cítil příje[mě/mně|01]ji. Byl to první výlet mojí třídy do ta[mě/mně|10]jších končin - pryč od civilizace, [mě/mně|10]st a [mě/mně|10]kkých peřin - a [mě/mně|01] se popravdě ulevilo, že si nikdo nestěžoval, ani se netvářil pot[mě/mně|10]šile. Nesnáz ale přišla na můj vkus neú[mě/mně|10]rně rychle a za[mě/mně|10]stnala [mě/mně|10] na celou noc. Student Horovrka se po [mě/mně|01] začal shánět. Snědl prý nějakou [mě/mně|10]kkou bobuli, snad pot[mě/mně|10]chuť a bylo mu zle.
35;Patálie s nemocným;Vytáhl jsem Hovorkovi teplo[mě/mně|10]r zpod paže a třídní výlet najednou získal te[mě/mně|01]jší obrysy. Marné bylo hořekování, že kdyby byl stříd[mě/mně|10]jší a nestrkal do úst vše, co vidí, nemusel by tu teď ně[mě/mně|10] ležet. Ve [mě/mně|01] by se krve nedořezal. Veškeré do[mě/mně|01]nky byly marné, nebyl jsem lékař, ale ze[mě/mně|10]pisář… Je[mě/mně|01] jsem studentovo tělo zvedl a nesl ho k lékaři. Ten [mě/mně|10] bezzubým ús[mě/mně|10]vem ujistil, že bude vše brzy v pořádku, ale vypadal, že se na nás, Evropanech, nára[mě/mně|01] baví. Jal se od[mě/mně|10]řovat nějakou s[mě/mně|10]s cizokrajných léků a [mě/mně|01] vzkázal, že bude Hovorka ráno jako rybička.
36;Konec dobrý, všechno dobré;Když jsme se vrátili z výletu, nemluvilo se v m[mě/mně|10]stečku o ničem jiném, než o [mě/mně|01] a mé třídě. S nebývalým ru[mě/mně|10]ncem v tváři jsem vystál frontu v bance, kde jsem s[mě/mně|10]nil jsem zbytek peněz, a na celou příhodu bych nejraději zapo[mě/mně|01]l. Ale nebylo mi přáno, paní ředitelka se po [mě/mně|01] hned ráno začala shánět, takže jsem namísto na hodinu s[mě/mně|10]řoval k její kanceláři. Podvědo[mě/mně|10], jsem tušil, co [mě/mně|10] čeká. Určitě přijdu o za[mě/mně|10]stnání! Ředitelka se však na první pohled netvářila nepříje[mě/mně|01] a přes vázu po[mě/mně|01]nek mi podávala ruku. Nes[mě/mně|10]le jsem ji stiskl. “Milý kolego,” řekla, “ohro[mě/mně|01] jste [mě/mně|10] svojí rozvahou překvapil. Reagovat tak pohotově a rozu[mě/mně|01] v krizové situaci, to zaslouží od[mě/mně|10]nu! Naše škola i celé Kro[mě/mně|10]říž je nára[mě/mně|01] pyšná.”
37;Nehoda;Marii se na konci [s/z|10]měny [s/z|10]valil na hlavu balvan. [Z/Vz|01]pamatovala se natolik, aby nás zavolala. Rychle jsme [s/z|10]kočili do auta a předjížděli auta [s/z|01]prava, [s/z|01]leva. [S/Z|10]pěchali jsme [s/z|01]krátka, jak se dalo. Až když se [s/z|10]jíždělo ke kamenolomu, [s/z|01]pomalil jsem. Marie sice [s/z|10]kučela bolestí, [s/z|01]koušela ale [vs/vz|10]tát. [S/Z|10]hodli jsme se, že sami toho moc ne[s/z|10]vedeme. Jen [s/z|10]těží bychom ji převáželi, proto jsme přivolali záchranku. Manželka [s/vz|10]pínala ruce k nebesům, ale na doktory byl [s/z|10]poleh.
38;Dětská neplecha;Děti se nerady nechávají [s/z|10]poutat příkazy rodičů. Honzík se včera na pískovišti [s/z|01]mazal blátem od hlavy až k patě a Julie si [s/z|10]edřela koleno na [s/z|01]moklé dlažbě. Maminka jen [s/z|10]práskla ruce a dnes je varovala, ať se chovají [s/z|01]působně nebo si na ně bude [s/z|10]těžovat tatínkovi, který je [s/z|10]eřeže. Julinka [s/z|01]červenala [s/z|10]tudem, ale Honzík už byl ve [s/z|10]třehu, čím by mohl ještě víc [s/z|10]užovat maminčiny nervy. O hodinu později už to maminka brala [s/z|01]kratkou na dvůr, protože cítila kouř. Honza pálil [s/z|01]ežloutlé listí od podzimu, které hned [z/vz|01]planulo. Mamince [s/z|01]tvrdly rysy a chlapec pochopil, že tentokrát [s/z|10]třelil vedle.
39;Trable v pekárně;Pekař Matěj ve své dílně [s/z|01]pracovával těsto, když tu zacítil [s/z|10]páleninu. Poté, co [s/z|01]kontroloval obě pece, [s/z|10]vlékl zástěru a jal se hledat podstatu problému, který ho [s/z|10]užoval. [S/Z|10]jel výtahem do přízemí a [vs/vz|01]přímil se do plné výše. Rychle našel [s/z|01]uhelnatělý trám a probíjející kabel [s/z|10]vářečky, na kterou z kovového [s/z|10]vodu odkapávala voda. Rychle ji odpojil a [vs/vz|10]tal. Byl ochotný [s/z|10]mířit se se zítřejší výměnou dřevěného trámu, ale ne s tím, že mu nahoře [s/z|01]tvrdne pečivo. Že bude tohle ta nejhorší noční [s/z|10]měna, jakou kdy zažil, [s/z|10]tvrdil jediný pohled do pece. “Za tohle bych si měl [s/z|01]výšit plat,” bručel si pod vousy.
40;Paní Sovová;Paní Sovová opl[í/ý|01]vala nesl[í/ý|01]chanou moudrostí a intel[i/y|10]gencí. L[i/y|10]dé z bl[í/ý|10]zkého města k ní chodili každý den pro radu. Jednou v l[i/y|10]stopadu k jejímu obydlí v l[í/ý|10]sce porostlé l[i/y|10]šejníkem přišel i sám pan starosta. Celý se zal[i/y|01]kal, měl napuchlá l[í/ý|01]tka a jeho pl[í/ý|10]ce lapaly po dechu. Paní Sovová se zeptala, co se to děje, že se k ní prodírá mal[i/y|10]ním i takový ol[i/y|10]garcha. Starosta se ol[í/ý|10]zl a prohlásil, že l[í/ý|10]ní l[i/y|10]dé z města právě vynalezli pro své pohodlí nabl[í/ý|01]skaný vlak, akorát neví, jaký by se z něj měl l[i/y|10]nout zvuk, aby byl sl[i/y|01]šet již z dálky. Paní Sovová si podrbala svou l[i/y|01]sinku a svým l[í/ý|10]bezným sovím hlasem pronesla "A jak by se vám l[í/ý|10]bilo třeba Hůů?".
41;Jsem já masožravec?;Zb[i/y|01]něk b[i/y|01]l mladý b[í/ý|01]k z Kob[i/y|01]lis. Bohužel měl neb[í/ý|01]valý problém. Netušil, jestli je b[í/ý|01]ložravec nebo masožravec. I pob[í/ý|10]hal ledab[i/y|01]le po loukách v okolí Přib[i/y|01]slavi, kolem starob[i/y|01]lého hřb[i/y|10]tova i vyb[i/y|01]dleného b[i/y|10]ografu a sháněl někoho způsob[i/y|10]lého, kdo by mu jeho problém hb[i/y|10]tě vyřešil. Po cestě mezi ob[i/y|10]lím drandil na b[i/y|10]cyklu b[í/ý|01]valý rab[í/ý|10]n. Zb[i/y|01]něk mu vyložil svůj neob[i/y|01]čejný problém. Rab[í/ý|10]novi se mladý b[í/ý|01]k zalíb[i/y|10]l, i vzal ho do b[i/y|01]telného b[i/y|10]stra, kde jim nab[í/ý|10]dli jídelní lístek, ze kterého se dalo dlouho vyb[í/ý|10]rat. Pak rab[í/ý|10]n objednal krab[i/y|10]ci celeru, petržele a b[í/ý|10]lého jogurtu. Zb[i/y|01]něk všechno z nádoby snědl, na talíři nezb[i/y|01]lo nic. "Chutnalo ti?" zeptal se duchovní. "Jak by ne", opáčil b[í/ý|01]ček. "No vidíš, všechno, co jsi snědl, bylo b[í/ý|10]lé, tudíž jsi b[i/y|01]tostný b[í/ý|01]ložravec."
42;Alfréd;Alfréd byl jediný s[í/ý|01]r v celé lednici, jemuž se dostalo honosného titulu s[i/y|10]r. Původně byl s[i/y|10]ce s[i/y|10]rotkem, bloudil neos[í/ý|10]dlenou krajinou a zoufale s[í/ý|10]pal, ale v Ros[i/y|10]cké s[í/ý|01]rárně se ho ujali a vychovali z něho s[i/y|10]lnou osobnost. Jednou začaly v s[í/ý|01]rárně hlas[i/y|10]tě kvílet s[i/y|10]rény. Nějaký pták, snad s[í/ý|01]ček nebo s[í/ý|01]korka, zobákem klovl do potrubí a začal se ozývat s[i/y|01]čivý zvuk. Ze s[i/y|10]fonu unikala tekutina s[i/y|01]té barvy, asi nějaké s[i/y|01]řidlo, s[i/y|01]rovátka nebo snad dokonce s[í/ý|10]ra. Alfréd neváhal a se značným ús[i/y|10]lím ucpal díru sám sebou. S[i/y|01]ndikát šlechticů mu za jeho s[i/y|10]gnifikantní čin a záchranu mnoha sídel v okolí s[í/ý|01]rárny udělil titul a od té doby Alfrédovi nikdo neřekne jinak než sir S[í/ý|01]r.
43;Mezinárodní vlak;Mezinárodní vlak V[i/y|10]ndobona v[i/y|01]kolejil ve v[i/y|10]chřici nedaleko svratecké vodní nádrže V[í/ý|10]r. Vagony spadly do vody, rozv[í/ý|10]řily hladinu a zvedly v[i/y|01]sokou vlnu, která se hnala až k V[i/y|01]škovu. To byl pov[i/y|01]k. V[í/ý|10]ly, které v[í/ý|01]jimečně nev[i/y|10]ly věnce ve své v[i/y|10]le jako obv[i/y|01]kle, ale v[i/y|01]peckovávaly s v[i/y|01]drami v[i/y|10]šně u ohně na pobřeží, se rychle rozběhly k vodním v[í/ý|10]rům, ve kterých vlak klesal ke dnu. V[í/ý|10]ly dokázaly chodit po vodě, stouply si nad místo té v[i/y|01]hrocené katastrofy a rozv[i/y|10]nuly své dlouhé vlasy. V[i/y|01]dry zapluly pod hladinu a začaly pomocí v[í/ý|10]lích vlasů vytahovat a zdv[i/y|10]hat jednotlivé cestující i vagony za dna V[í/ý|10]ru. Když byl vytažen i poslední poloutopenec, roztopily v[í/ý|10]ly táborák do pořádné v[í/ý|01]hně a nabídli v[i/y|01]stresovaným pasažérům pov[i/y|10]dlový záv[i/y|10]n, žv[í/ý|01]kačku a v[i/y|10]šňové v[í/ý|10]no. "V[í/ý|10]te, to v[í/ý|10]no je kouzelné, za chv[í/ý|10]li si nebudete nic pamatovat." A skutečně, všichni náhle spali v kupé a probudili se, až když vlak zastavil ve V[í/ý|10]dni. Jen jeden nov[i/y|10]nář se podivil, proč má na své v[i/y|10]sačce několik rybích v[í/ý|01]měšků.
44;Duchové promluvili;Zatímco Z[i/y|10]ta vz[í/ý|01]vala duchy, Z[i/y|10]kmund ležel v poz[i/y|10]nkované posteli. Oz[í/ý|01]valo se jeho z[í/ý|10]vání, ale kvůli Z[i/y|10]tině vz[í/ý|01]vání nemohl usnout. Štvalo ho to, protože z[í/ý|10]tra vstával brz[i/y|01], brz[i/y|10]čko. Nicméně jeho z[i/y|10]momřivá žena stále vyz[í/ý|01]vavě z[í/ý|10]rala do stěny, vyplazovala jaz[i/y|01]k a snažila se na svou stranu z[í/ý|10]skat nadpřirozené bytosti. Z[i/y|10]kmund se rozhodl, trochu z[i/y|10]štně, využít své nedoz[í/ý|10]rné břichomluvecké schopnosti. "Rozepni si z[i/y|10]p, vezmi pyžamo a běž pod az[i/y|10]mutem 60 stupňů rovnou do postele," ozvalo se náhle hlubokým hlasem. Z[i/y|10]ta to střelhbitě provedla, přivinula se ke svému muži a ještě před usnutím se mu svěřila, že dnes to vz[í/ý|01]vání svým chrápáním konečně jednou nepokaz[i/y|10]l a dosud ciz[í/ý|10] duchové k ní poprvé promluvili.
45;Ranní trampoty;Cítím se jako ob[ě/je|10]ť ranního vstávání. Budík m[ě/ně|10]do nového dne nevítá jem[ě/ně|01] a přátelsky, ale rozeřve se jako bezohledný dráb. Sm[ě/ně|10]le otevřu jedno oko, pak oči ob[ě/je|10] a je to. V[ě/je|01]zd do nového dne povolen! Vztekle shodím ob[ě/je|01]kt mého (ne)zájmu ze stolu na m[ě/ně|10]kký koberec a jdu se osv[ě/je|10]žit do koupelny. V zrcadle m[ě/ně|10] sleduje nějaký b[ě/je|10]s. Má rudé b[ě/je|10]lmo a příliš vysoký v[ě/je|10]k, ale pozor, dosp[ě/je|10]lý není a ani nechce být. Nechce být lovec ani sb[ě/je|10]rač, přestože má ob[ě/je|01]mné tukové polstrování na břichu. Co nadělám, sv[ě/je|10]t se zm[ě/ně|10]nil, moje denní sm[ě/ně|10]na začíná pokaždé stejně tem[ě/ně|01].
46;Chvíle rozhodnutí;V[ě/je|10]že malého m[ě/ně|10]sta odrážejí polední slunce a její pom[ě/ně|01]nkové oči se tiše sm[ě/ně|10]jí. Z okna v druhém patře hledíme op[ě/je|10]t sm[ě/ně|10]rem k tmav[ě/je|10] zelené hradbě lesa. „Půjdeme?“ zeptá se m[ě/ně|10]. „Ještě ne, ještě jedno ob[ě/je|01]tí,“ zní má odpov[ě/je|10]ď. Sv[ě/je|10]t se chv[ě/je|10]je. Nechováme se rozum[ě/ně|01], a proto nesp[ě/ně|10]cháme. Když pak konečně odcházíme, sv[ě/je|10]řuje se m[ě/ně|01]: „Já už nechci zp[ě/je|10]t, už dávno sm[ě/ně|10]řuji jinam.“
47;Jak vydělávat;Každý rok máme na škole sb[ě/je|10]r papíru. Ráno školník otevře hlavní v[ě/je|01]zd do areálu a sp[ě/je|10]chá za svými pomocníky. V[ě/je|10]tšinou mu pomáhají kluci z devítky. Sm[ě/ně|10]s novinového papíru, kartonů a různých obalů kluci um[ě/ně|01] p[ě/je|10]chují do kontejneru a jejich zp[ě/je|10]v je slyšet až na nedalekém nám[ě/ně|10]stí. Nakonec ani nestíhají všechen papír nakládat, takže se kupí na nádvoří a při cestě ke kontejneru je nutné ho pokaždé ob[ě/je|01]t. To ale ob[ě/je|10]tavé mládence nezastaví. Zastaví je až ob[ě/je|10]d, který jim voní pod nos. „Pauza!“ volá žák Sv[ě/je|10]cený a všichni sp[ě/je|10]chají sm[ě/ně|10]rem k jídelně. Hlavní výhodou sb[ě/je|10]ru je ale to, že se nakonec sm[ě/ně|10]ní za peníze, které se přeci hodí v každé dob[ě/je|10].
48;Rozpadlá stavení;Kostel[i/y|01] a hřbitov[i/y|01] Milanov[i/y|10] připomínaly domov. Vyrostl poblíž Čáslav[i/y|10], malého města, které se pyšní svými kališnickými kořeny. Ráno se vždycky posadil na postel[i/y|10] a pozoroval kos[i/y|01] a pěnkav[i/y|01] za oknem. Bydlel s rodiči v budově opatovické škol[i/y|01], takže k tabul[i/y|10] chodil v bačkorách. Tatínek byl řídící. Za katedrou si vždycky sahal do kaps[i/y|01] pro hodinky a s nasazenými brýlem[i/y|10] se trochu podobal panu prezidentov[i/y|10].  A za zdm[i/y|10] nedalekého hřbitova si s místními dětm[i/y|10] nejednou hráli na doktora nebo pomáhali kostelníkov[i/y|10] s úklidem. Dnes jsou už krov[i/y|01] staré škol[i/y|01] propadlé a dříve upravená zahrádka zarůstá křov[í/ý|10]m.
49;Při cestě na východ;Cestou do Ostrav[i/y|01] jsme se stavili v Chrudim[i/y|10] za příbuzným[i/y|10]. Strýci Pepov[i/y|10] jsme při té příležitosti předali dědictví po dědov[i/y|10], které se skládalo z: pošťácké kabel[i/y|01], tabatěrk[i/y|01], knihy o Napoleonov[i/y|10] a z dopisu jeho úhlavnímu nepřítel[i/y|10] - Kalouskov[i/y|10]. Pepov[i/y|10]vstoupily slz[i/y|01] do očí a poděkoval svému bratrov[i/y|10] Jindrov[i/y|10]. Naši východočeskou mis[i/y|10] jsme zakončili v kavárně na náměstí – brácha Adam si dal k horké čokoládě kremrol[i/y|10], já ochutnala rakvičku a táta přemohl dva indiánk[i/y|01].
50;Trojice v parku;Každé úterní odpoledne chodí do parku Na Hráz[i/y|10] trojice důstojných žen – moc po nich nezírejte, abyste se Pavl[i/y|01], Em[i/y|01] a Iv[i/y|01] nedotkl[i/y|10]. Park totiž udržují leda místní výrostc[i/y|10], kteří zde posedávají, hulákají svoje song[i/y|01] a popíjejí alkohol. Naše dám[i/y|01] jsou ale oblečené jako do divadelní lóže. Mají honosné pokrývky hlav[i/y|01], šedivé vlas[i/y|01] jsou prokvetlé melírem fialové barv[i/y|01], na krku se jim lesknou náhrdelníky snad s „pravým[i/y|10] drahokam[i/y|01]“ a na rukách jim svítí zlaté prsteny. Za jejich rób[i/y|01] by se nemusela stydět leckterá operní diva, ostatně není jisté, zda se skutečně nejedná o divadelní kostým[i/y|01]. Jako módní doplněk je doprovází jejich ps[i/y|10]. Tedy, pokud se jedná o ps[i/y|01]. Jsou to totiž nezvykle ostříhaní a naondulovaní pudl[i/y|10], jednomu nezúčastněnému pozorovatel[i/y|10] se dokonce zdálo, že mají natočené řas[i/y|01].
51;Černý pátek;Ráno přišel Petr do školy se [s/z|01]požděním poté, co si [s/z|10]pletl číslo autobusu. Po cestě [s/z|01]mokl a málem ho [s/z|10]razilo auto. Na chodbě školy se navíc smekl a [s/z|10]padl. To by ale nebylo to nejhorší. Když vletěl do třídy, [s/z|10]trhl se hluk – Petr byl totiž děsně [s/z|01]mazaný, vypadal jako koule z bahna. Navíc dostal poznámku, protože předchozího dne ne[s/z|10]mazal tabuli. Když na něj učitel [s/z|10]pustil proud výčitek, nejprve silně [s/z|01]bledl, pak [s/z|01]rudl a nakonec se doslova před učitelovýma očima začal [s/z|10]cvrkávat. To už nebyl ten [s/z|01]pupný Petr, který se dokázal [s/z|10]kamarádit s každým a který měl [s/z|01] každého legraci.
52;Hledá se zloděj!;Ivan si [s/z|10]těžoval, že mu někdo [s/z|01]cizil pero. „Už druhý den mě [s/z|10]užuje představa, že se [s/z|10]chovává v kapse nějakého výlupka,“ bědoval, ale [s/z|01]e svých snah o dopadení zloděje [s/z|10]levit nechtěl, protože se mu po psacím náčiní [s/z|10]týskalo. [S/Z|10]trávil hodiny [s/z|01]važováním možného pachatele. [S/Z|10]tvořil si pro tyto účely deník, kam zapisoval své úvahy. Najednou se ne[s/z|10]týkal s kamarády, ale [s/z|10] „podezřelými“. Zločince [s/z|10]patřoval všude. „Kdo [s/z|10] koho,“ říkal si občas polohlasem, dokud mu maminka neřekla: „Tohle musí [s/z|10]končit, okamžitě jdi a ukliď si pokoj, tam ho určitě najdeš!“ To ho samozřejmě [s/z|10]pasilo, neboť pero se [s/z|10]krývalo na dně šuplíku ve stole.
53;Kolekce motýlů;[S/Z|10]tatný Standa [s/z|10]váděl dívky[s/z|01] lepších rodin poměrně často. Při své snaze [s/z|01]koušel leccos. Jedné slečně sliboval [s/z|10]levu na sportovní vůz, který však nevlastnil. [S/Z|10]tvořil si dokonce jinou identitu – Itala Paola. Jako Paolo dokonce téměř [s/z|10]páchal sňatkový podvod. Naštěstí ho ale nevěsta před tím, než si [s/z|10]tihl [s/z|10]vléci oblek včas [s/z|01]pravila o tom, že se ve skutečnosti jmenuje Jarmil. Poté se raději Standa [s/z|10]týkal nějakou dobu jen s kamarádkami, kterým si [s/z|10]těžoval, kde až [s/z|10]končil. Ale ten kámen se mu [s/z|01]e srdce [s/z|10]hodit nepodařilo. Dokud nevynalezl trik se [s/z|10]bírkou motýlů. Když ho totiž [s/z|01]kusil na první dívku, [s/z|01]věděl konečně, jaké to je [s/z|10]líznout pořádný záhlavec.
54;Jak jsme (ne)obsadili hrad;Minul[í/ý|01] rok jsme s tátou a mámou dob[i/y|01]li hrad, opravdu! B[i/y|01]lo to začátkem l[i/y|10]stopadu, v neděl[i/y|10], kdy jsme v[i/y|01]razil[i/y|10] na v[í/ý|01]let. Jako vhodný cíl jsme zvolil[i/y|10] Kunětickou horu. Místo uzdy koně m[i/y|10] máma vraz[i/y|10]la do ruky řidítka mého kola, na hlavu jsme si všichni um[í/ý|10]stil[i/y|10] přilb[i/y|10]ce a sm[i/y|01]kem jsme vjel[i/y|10] na polní cestu. Brz[i/y|01] jsme mohl[i/y|10] ocenit tátov[i/y|01] vůdcovské schopnosti, když jsme se ztratil[i/y|10] v lese. Vše se nakonec v[i/y|01]řešilo a m[i/y|01] stanul[i/y|10] pod onou horou. Doslova „dob[i/y|10]tí“ dlouhou objížďkou jsme se jal[i/y|10] dob[í/ý|01]vat hrad. A to b[i/y|01]la katastrofa! S těžkým s[í/ý|10]páním jsme se po celé hodině doplaz[i/y|10]li nahoru. Jaká škoda, že měl[i/y|10] zavřeno. V[í/ý|01]heň v našich srdc[í/ý|10]ch to ale neuhasilo!
55;Z Deníku moderního fotra 2;Kromě lahv[í/ý|10] jaru a jiných žírav[i/y|10]n číhal[i/y|01] na Čeňka v b[i/y|01]tě i hmatatelnější nástrahy. B[i/y|01]la tam například spousta rohů. Čeněk se mohl kdykol[i/y|10] rozeběhnout a úm[i/y|01]slně na roh naskočit a nap[í/ý|10]chnout se na něj (a on b[i/y|01] to kl[i/y|10]dně udělal). Proto jsem zakoup[i/y|10]l takové malé gumové krytky na rohy. Vlna p[í/ý|01]chy prostoup[i/y|10]la m[í/ý|01]m tělem, když jsem si uvědom[i/y|10]l, jaký báječně odpovědný otec jsem. Vlna p[í/ý|01]chy záhy odezněla, když Čeněk krytky strhnul a začal je okusovat.
56;Hrobník;„V[i/y|01] neznáte celou tu příhodu?“ prav[i/y|10]l r[i/y|01]chtář. „Tedy poslechněte. Co v[í/ý|10]m, m[i/y|10]lerád sděl[í/ý|10]m. Právě se utop[i/y|10]l  ml[i/y|01]nářův pachol[í/ý|10]k, když se nebožtík pan hrabě o obecní pověsti dověděl. Rozhorlený z té pověry cel[í/ý|01] r[i/y|01]bník ohradit příkázal a přísně celé obci bl[í/ý|10]zký přístup k hráz[i/y|10] zapověděl. Za rok v létě nalezl[i/y|10] l[i/y|10]dé na mez[i/y|10] mrtvolu hraběte bez hlav[i/y|01]. Nikdo nevěděl, jak se tam oc[i/y|10]tl. Večer předtím odešel po večeři do své komnaty, nikdo nevěděl, že b[i/y|01] někam zam[í/ý|01]šlel jít. Zámek b[i/y|01]l uzavřen.
57;Počátky českého kubismu;Když se na naše územ[í/ý|10] dostaly první ohlas[i/y|01] kubismu, znamenalo to skutečnou mal[í/ý|10]řskou revoluci. Kubistické postup[i/y|01] obnažil[i/y|01] iluz[i/y|10]vnost trad[i/y|10]čních real[i/y|10]stických proudů tehdejší v[í/ý|01]tvarné scény. Obraz[i/y|01] a koláže Josefa Čapka či Em[i/y|10]la Fill[i/y|01] vyvolával[i/y|01] tak šokujíc[í/ý|10] dojm[i/y|01], že někteří kr[i/y|10]tikové ve sv[í/ý|01]ch recenz[í/ý|10]ch posílal[i/y|10] mladé „v[í/ý|01]středníky“ do bláz[i/y|10]nce a do ústavů pro chorom[i/y|01]slné. Josefu Čapkov[i/y|10] se například dlouhá léta nepodařilo prodat ani jediný mal[í/ý|01] obraz.
58;Poezie po válce;L[i/y|10]teratura se po roce 1945 zkoušela v[i/y|01]rovnávat se zkušenostm[i/y|10] války různým[i/y|10] způsob[i/y|01]. Nejrychleji mohl[i/y|10] reagovat už z princ[i/y|10]pu básníci. Jejich verše stvrzoval[i/y|01] jednak trag[i/y|10]ku upl[i/y|01]nulých pěti let, jednak připomínal[i/y|01] morální závazek vůči mrtv[í/ý|01]m. Když pom[i/y|10]neme četné l[i/y|10]tanie a žaložpěv[i/y|01] křesťanských básníků, musíme m[í/ý|10]t na zřetel[i/y|10] autory, kteří se snažil[i/y|10] ustavit jakýs[i/y|10] m[í/ý|01]tus všednodenní reality. V jejich verších se oz[í/ý|01]valy i existenciální tóny, ovšem skloubené s v[í/ý|01]chodisky jaz[i/y|01]kového experimentu. Slov[i/y|01] známého kritika – tito lidé se pokoušel[i/y|10] ch[i/y|01]tit život za pačes[i/y|01].
59;První čtení;Můj obdiv k literatuře trvá už odmalička, kdy jsem potají s baterkou pod dekou prožíval všechna dobodružství [m/M|10]edvídka [p/P|01]ú nebo poslouchal vyprávění o [m/M|01]akové [p/P|10]anence. Když jsem byl starší, vstoupil jsem do [j/J|01]unáka a stal se ze mě [s/S|10]kaut. V té době jsem četl [f/F|01]oglarovy [h/H|01]ochy od [b/B|01]obří [ř/Ř|10]eky či napínavé příběhy z období [s/S|10]tředověku. Nejvíce mě uchvacoval život [r/R|01]icharda [l/L|01]vího [s/S|10]rdce a osudy [p/P|01]řemyslovců. I když i vyprávěnky ze života [i/I|10]ndiánů a [e/E|01]skymáků měly také něco do sebe. Naopak doba [a/A|10]lžbětinská mi tak fascinující nepřipadala. Když jsem pak na [j/J|10]ežíška dostal [j/J|01]iráskovy [s/S|01]taré pověsti [č/Č|10]eské, staly se na dlouhou dobu mojí [b/B|10]iblí.
60;Co čtu dnes;Postupem času jsem z dobrodružné četby vyrostl. Z povinné literatury mě bavilo máloco. Protože ale bydlím na [m/M|01]alé [s/S|01]traně, zaujaly mne [n/N|01]erudovy [p/P|01]ovídky [m/M|10]alostranské. To však bylo dáno spíš náklonností k dané čtvrti. Bydlet třeba na [s/S|01]ídlišti [m/M|01]íru nebo v [o/O|01]rlických [h/H|10]orách, jistě by mne kniha tak nebavila. Je to totéž jako být fanouškem Karla [k/K|01]lostermanna, který pochází z [š/Š|10]umavských luhů nebo z [č/Č|01]eského [l/L|10]esa. Ani historická témata už mě nepřitahovala. Když se mi dostal do rukou [ch/Ch|01]oderlos [d/D|10]e [l/L|01]aclos, vysloveně jsem to protrpěl. To raději Šifru [m/M|10]istra [l/L|01]eonarda nebo [k/K|01]osmovu [k/K|10]roniku (i když pokračování od [m/M|01]nicha [s/S|10]ázavského se mi nezdálo tolik podařené). Ale abych na hodiny [č/Č|10]eštiny jen nežehral, Čapkovy [o/O|01]brázky z [h/H|01]olandska nebo Cesta na [s/S|10]ever mi připadaly poutavé. Jen nevím, co by na posledně jmenovanou řekl nějaký [š/Š|01]véd.
61;Dech historie;Když člověk prochází [p/P|10]ražskými ulicemi, přímo na něj dýchá historie. Od dob Přemysla [o/O|01]ráče se tu však leccos změnilo. Především za Karla [č/Č|01]tvrtého se z Prahy stalo hlavní město Svaté [ř/Ř|10]íše [ř/Ř|10]ímské, což si člověk nejlépe připomene na [k/K|01]arlově [m/M|10]ostě. Doba soumraku [h/H|01]absburků se zase promítá do chůze po [s/S|01]metanově [n/N|10]ábřeží, kde stojí [n/N|01]árodní [d/D|10]ivadlo, a odraz tehdejší [p/P|10]růmyslové revoluce se projevuje v okolí [p/P|01]ařížské [u/U|10]lice, která se honosí architekturou ve stylu [s/S|10]ecese. Šlo mimochodem o období, v němž bylo k Praze připojeno množství nových čtvrtí, např. [k/K|01]rálovské [v/V|01]inohrady. Dobu spíše smutnou, poznamenanou násilnými střety, upomíná [n/N|01]ovoměstská radnice, jedno z dějišť [p/P|01]ražského povstání z roku 1945, či [n/N|01]árodní [t/T|10]řída, kde vrcholila [s/S|10]ametová revoluce.
62;Cesta na východ;Petra chtěla vždycky navštívit Kore[u/ji|10], ale doteď na to neměla čas. Nejdál se zatím dostala do Osl[u/a|01] v rámci svého studi[a/umu|10]. Do kalendáře si ale zaznamenala jedno dat[o/um|01] – 20. červen. Do tohoto dat[a/umu|10] by chtěla svou cestu zařídit. Zatím ale jen nosí v hlavě utkvělou ide[u/ji|10] a doufá, že se její plány splní. Vždycky si představí, že si vezme tax[i/u|10] na letiště a odletí do tajemného Or[i/y|10]entu. Taky by se chtěla podívat do Řecka, rodiště Sókrat[a/ese|10], Plat[a/óna|01] a Aristotel[a/ese|10]. Chtěla by poznat kolébku naší civili[s/z|01]ace, místo, kde Sofokl[-/es|01] napsal svá dram[a/ata|01]. Prostě a jednoduše: cestování je pro Petru tém[ou/atem|01] číslo 1.
63;O řeckých bozích;Řečtí bohové údajně sídlí na Ol[i/y|01]mp[u/usu|10], odkud mohou shlížet na nás, obyčejné smrtelníky. I když jsou bohové nesmrtelní, v lecčems se podobají lidem. Nejvyšším bohem je údajně Zeus, bez [Zeuse/Dia|01] by božstvu chyběl moudrý, ale také vrtošivý vládce, který za manželku pojal bohyni Héru. Protože je ale podobný záletník jako mnoho lidí, má i nemanželské potomky s lidskými ženami, většina lidí zná například Herkul[a/esa|10], ale nesmíme zapomínat ani Perse[a/use|10]. Samotný Zeus byl synem titána Kron[a/ose|10] a jeho manželky. Matka ho před Kron[em/osem|10] musela uschovat, protože ho chtěl sníst. Jako druhý nejsilnější bůh bývá uváděn Pose[i/y|10]don, vládce moří. Vždy na cestách můžete potkat Herm[a/ése|10], který je posel bohů. Chromého a slabého Hefaist[a/ose|10] původně z Olympu svrhli, později byl ale ustaven bohem ohně a kovářství. Ještě pochmurnějšího Hád[a/ese|10] potkáte nejpravděpodobněji v podsvětí, kterému vládne. Zato veselejší osud čekal na Dionýs[a/use|10], boha úrody a divadla, kterému je připisován objev vína. Řecké báje jsou dodnes velmi oblíbené a jsou tém[ou/atem|01] řady knih i f[i/y|10]lmů.
64;Ztřeštěné centrum;Jít do centr[a/umu|10] pro mě bývá velkým dram[a/atem|01]. Pokaždé narazím na nějaká individu[a/je|10], která se mě snaží o něco připravit – o f[i/y|10]nance, mob[i/y|10]l nebo o rozum svými f[i/y|10]lozof[i/y|10]ckými te[s/z|01]emi. Když už tedy do středu metropol[e/y|10] dorazím, připadám si jako ve velkém cirk[u/su|01]. Náměstí mi připomíná šapit[o/ó|01], kde se promenují klauni, p[i/y|10]eroti, hadí tanečnice a další organism[y/usy|10]. Na mysli mi pak vyvstávají různá traum[a/ata|01] z dětství a dostávám dilem[a/u|10]: zmizet či nezmizet. Ani dlouhodobá studi[a/je|10] v této oblasti nepomáhají. Bylo by asi nejlepší, kdyby byl přístup k centr[u/umu|10] povolen pouze s platným víz[em/umem|10].
65;Kolem na tábor;S dívkam[i/a|10] jsme se viděli až po příjezdu do tábora. Táhli jsme se s kol[y/ama|10], batoh[y/ama|10] a s přilbam[i/ama|10] na hlavách jsme navíc museli vypadat hodně švihácky. Bylo horko a vychlazený nápoj by každý z nás bral všem[i/a|10] deseti. Hlavním[i/a|10] povinnostm[i/a|10] pro nás ale přeci jenom bylo nejprve si všechno vybalit. Pak jsme se teprve seznámili se všem[i/a|10] částm[i/a|10] tábora. „I když se dívám oběm[i/a|01] očim[i/a|01], nikde tu nevidím tu saunu,“ povzdechl si Rosťa. „Však tu si postavíte vlastním[i/a|10] silam[i/a|10],“ odpověděla mu vedoucí a tváře j[i/í|01] zrůžověly.
66;Dědečkův boj;Dědeček má problém s mol[y/ama|10], roztoč[i/emi|10], pavouk[y/ama|10] a s jiným[i/a|10] příslušník[y/ama|10] hmyzí říše. Moly zkoušel přemoci naftalínovým[i/a|10] kuličk[y/ami|01] umístěným[i/a|10] v šatníku. Zápach ho ale donutil hledat jinou cestu, nakonec uvěřil v tajemnou moc pomerančových slupek. S roztoč[i/ema|10] bojuje pomocí vysavače a pytle. Podtlak j[i/í|10]m prý dá co proto. Babička nad těm[i/a|10] novotam[i/a|10] kroutí pochybovačně hlavou a lomí rukam[i/a|01]: „Co s takovým[i/a|10] nápad[y/ama|10] starého blázna!“ stěžuje si. Ještě že j[i/í|01] nedělá problém vyjít s pavouk[y/ama|10].
67;Nepříjemná situace;Chtěl si promluvit mezi čtyřm[i/a|01] očim[i/a|01], měl j[i/í|01] totiž plné zuby. Když si sedli naproti sobě, uhýbala před n[i/í|01]m očim[i/a|01]. „Tak co mi k tomu řekneš?“ zeptal se j[i/í|01]. „Dělala jsem to s dobrým[i/a|10] úmysl[y/ama|10],“ špitla. „Dobročinnostm[i/a|10] se tu neoháněj,“ usadil j[i/í|10]. „Máš štěstí, že to s tebou řeším za zavřeným[i/a|10] dveřm[i/a|10],“ pokračoval. Poté j[i/í|10] poučil o tom, že s lidm[i/a|10], které má rád, mluví upřímně. „Ještě si o tom promluvím s tvým[i/a|10] rodič[i/ema|10], teď už jdi,“ pokynul j[i/í|01] výmluvným gestem.
68;Jak se valila voda;Hrá[s/z|01] se protrhla a lidé [s/z|10]bíhali [s/z|01] ko[p/b|10]ce dolů. I malé ža[p/b|01]ky se lekly a skákaly pryč do be[s/z|01]pečí. [S/Z|10]hluk lidí na náměstí rokoval, co dělat. „Měli jsme po[s/z|10]tavit ze[ť/ď|01],“ hřímal sou[t/d|01]ce Milota. „Pozdě bycha honi[t/d|10],“ prohodil radní Rudol[f/v|10]. „Musíme prové[s/z|10]t evakuaci,“ mínil starosta. „[K/G|10]do má vů[s/z|01], a[ť/ď|10] ho rychle přistaví, jde o [f/v|01]teřiny!“ zavelel nakonec Milota.
69;První lov;Jestřá[p/b|01] zakroužil na[t/d|01] polem. Pod ním letěl jen malý holu[p/b|01]. Tady žádné nebe[s/z|01]pečí nehrozí, blesklo mu hlavou. To ale neviděl luk a ší[p/b|10], který měl [f/v|01] pohotovosti malý bojovník. [S/Z|10]bíral odvahu na útok, oči navr[h/ch|01] hlavy. Tětiva ve vl[h/ch|10]kých dlaní[h/ch|01] se mu třásla. Může to být jeho první koři[s/z|10]t. Najednou si byl jistý. Vyslal ší[p/b|10] do nebes. Hro[t/d|10] se [s/z|10]trefil. Drave[c/ts|10] [s/z|10]letěl na zem.
70;Duel o život;Bil se jako le[f/v|01]. V ruce třímal věte[f/v|01], se kterou mával jako s párátkem. Sice byl silný mrá[s/z|01], kre[f/v|01] se mu ale rozlévala po tváří[h/ch|01]. Zuby ne[h/ch|10]ty, stůj co stůj musel zvítězit. Nechtěl se už vrátit [s/z|01]pět do tábora hrůzy, tam, kde ho tolikrát [s/z|01]bili, kde tolik [s/z|01]kusil. [S/Z|10]ebral zbytky sil a vrhnul se na po[t/d|01]saditého muže. Švi[h/ch|10] a bo[t/d|01] – jeden zása[h/ch|10] do týla, jedna rána těla o zem. Stra[h/ch|01] ho už opustil, te[ť/ď|01] rozdával údery mechanicky jako [s/z|10]troj.
71;Depresivní ráno;V láhvi už nebylo téměř nic, ať se do n[i/í|01] díval sebevíc. Venku projel krop[i/í|10]cí vůz, jinak se nic nedělo. V hlavě měl nesm[i/í|10]řitelný pocit, který by ani sebelepší čist[i/í|10]cí prostředek nevybělil. V chlad[i/í|10]cí nádobě došel led, pln[i/í|10]cí p[e/é|10]ro vyschlo, hodiny přestaly bít. Čas se zastavil. Na stole jako modl[i/í|10]cí knížka ležela krabice s pap[i/í|01]rovými kapesníky. A zase ty myšl[e/é|10]nky jako hon[i/í|10]cí psi běhaly v hlavě dokola. Znovu se podíval z okna. Teď tam přecházeli muži v oranžových vestách čist[i/í|01]cí chodníky. Nap[i/í|10]chovali papírky. Zapnul televizi. Zase to zafungovalo, lépe než vypláchnout hlavu vitri[o/ó|10]lem.
72;Dohnat, co se dá;„Rozp[u/ů|10]l ten meloun,“ nakázal Jáchym. Měl s n[i/í|01]m jasný plán. Sníst, co se do něj vejde. Nad hlavou mu poletovala žl[u/ů|10]va, asi chtěla taky trochu. „Brzo pojedeme dom[u/ů|01],“ říkal s plnou pusou, „tak to musím všechno dohnat.“ „A už jsi poslal tu př[i/í|10]hlášku?“ zajímalo Emu. Co to do n[i/í|01] vjelo? Vždyť ví, čí př[i/í|01]jmení Jáchym nosí a co z toho vypl[y/ý|01]vá. Pro tyto situace neexistovala v[y/ý|01]jimka. Místo, aby ho skl[i/í|10]čovala, měla ho přeci z[a/á|10]bavit. Ale tyhle has[i/í|10]cí a žehl[i/í|10]cí taktiky j[i/í|01] moc nešly.
73;Nemotora;Když viděla Jindru bal[i/í|01]cího dary, usmála se. Jak bojoval s bal[i/í|10]cím papírem, připomínal j[i/í|01] nemotorného štěkaj[i/í|01]cího psa Rafana, hraj[i/í|01]cího si s hadrov[y/ý|01]m míčkem. Vše mu padalo z ruky. Lep[i/í|10]cí páska se mu přilepila na rukáv, nůžky ustř[i/í|10]hly papír křivě – hotová pohroma. Mysl[i/í|01] si, že by ho nevyznamenala žádná hodnot[i/í|10]cí komise. Ale vždyť je Jindra říd[i/í|10]cí pracovník! I když pro samotné ř[i/í|01]zení už nedokáže udělat práci samotnou. Jindra si svlékl svrchní [u/ú|01]bor přes hlavu a vypadal zoufale. „Za chvíli to tady asi zapálím. Přichystej has[i/í|10]cí přístroj,“ obrátil se na n[i/í|10]. Jen se usmála a řekla: „Jdi se radši projít, já to zabal[i/í|01]m za tebe.“
80;Hypochondr;Vždy jsem měl strach z nakažení různými chorobam[i/y|10]. Samozřejmě vím, že moderní medicína má připraveny všelijaké postup[i/y|01] pro prevenc[i/y|10]. I na internetu si člověk najde tip[i/y|01], jak zůstat zdravý. Ale přeci jen, na bacil[i/y|01] člověk narazí všude a nevyhýbají se ani král[i/y|10] či prezidentov[i/y|10]. Začalo to nevinně, obával jsem se vyjít ven za špatného počas[í/ý|10] a namísto toho jsem studoval nákres[i/y|01] lidského ústroj[í/ý|10], jako bych čekal, že se jejich pomocí ubráním. Později mě začaly zneklidňovat vcelku nevinné věc[i/y|10] – močál[i/y|01], červ[i/y|10], včel[i/y|01]… Stačilo o nich jen slyšet, a už jsem si stěžoval na bolesti hlav[i/y|01], propadal jsem kašl[i/y|10] a trpěl závratěm[i/y|10]. To jsem pak vytáhl česnek, cibul[i/y|10] a zaháněl jsem příznaky kloktadl[i/y|01]. Teď, když mám vlastní dcer[i/y|01], věřím ve vítězstv[í/ý|10] rozumu nad obavam[i/y|10].
81;Jak vaří profesionál;Kuchtíc[i/y|10] si nevystačí jen se základními surovinam[i/y|10], jejich způsob vaření reprezentují směs[i/y|10] drahých koření, mas a sýrů, ale výsledkem jsou většinou dost nevábné amalgám[i/y|01], které by nechutnaly ani psov[i/y|10]. Naopak zkušený šéfkuchař si vystačí s málem – kvalitním kouskem kráv[i/y|01] či těstovinam[i/y|10]. Věří, že nejlépe lze ochutit jídlo skromnou petržel[í/ý|10] a že růžové losos[i/y|01] mohou v kuchyni nahradit levnější ryb[i/y|01]. Vynikající jsou například pstruz[i/y|10]. Přirozené chuti hus[i/y|01] se také nic nevyrovná, a přitom na dochucení postačí jen trocha sol[i/y|10] a pepře. Šéfkuchaři se často přátelí s blízkými chovatel[i/y|10], kteří pěstují včel[i/y|01] na med nebo koz[i/y|01]. V televiz[i/y|10] jich v dnešních dnech uvidíte nemálo – a většina z nich nejsou žádní snob[i/y|10].
82;Jak se stát vědcem;Vždy jsme s Markem snili o tom, že z nás budou vědc[i/y|10]. Zatímco mě zajímaly hvězdokup[i/y|01] a metronom[i/y|01] ke sledování počas[í/ý|10], Marek obcházel topol[i/y|01] v okolí Vltav[i/y|01], jezdil na farm[i/y|01] a v ZOO už ho za krátko vítali i šimpanz[i/y|10]. Společně jsme každou neděl[i/y|10] podnikali pravidelné výprav[i/y|01] do okol[í/ý|10] města, abychom zaznamenávali rozličné přírodní úkaz[i/y|01]. Zpráv[i/y|01] o výsledcích naší zálib[i/y|01] jsme sdíleli přes blog s jinými nadšenc[i/y|10] – Španěl[i/y|01], Francouz[i/y|10], ale i s dav[i/y|01] našinců. Dnes už jsme oba dospěl[í/ý|10], ale některé rys[i/y|01] nám z dětstv[í/ý|10] přeci jen zůstaly.
83;Láska bez masky;Námět spalujíc[í/ý|10] lásky b[i/y|01]l v komedii dell’arte skutečně trvanliv[í/ý|01]m zdrojem inspirace. Nesměl[í/ý|10] milenc[i/y|10], nemající pom[i/y|01]šlení na nic jiného než na vztah rodíc[í/ý|10] se mezi nim[i/y|10], tvořil[i/y|10] ostrý kontrast k odkvétajíc[í/ý|10]m a životem protřel[í/ý|01]m rodičům. Boj Isabell[i/y|01] a Florinda – t[i/y|01]pizovaných postav zamilovaných – proti zvůl[i/y|10] osudu je starším[i/y|10] rodu glosován zpravidla shov[í/ý|10]vavě a s vůl[í/ý|10] pomoci. Kostým[i/y|01] měl[i/y|10] herci v těchto rol[í/ý|10]ch elegantní a slušiv[í/ý|01], ovšem bez obv[i/y|01]klých obl[i/y|10]čejov[í/ý|01]ch masek. Jejich l[i/y|01]rické výstup[i/y|01] dostávaly záh[i/y|01] pevnou podobu a byl[i/y|01] korunovány pěkným[i/y|10] slovními obraty, které odpovídal[i/y|01] dobovému jaz[i/y|01]ku.
84;Mrštíkovi v Divákách;Otec bratří Mrštíků zajistil všem sv[í/ý|01]m s[i/y|01]nům kvalitní vzdělání. Zatímco Vilém navštěvoval g[i/y|01]mnázium, Alois přestoupil z nižš[í/ý|10] reálky na učitelský ústav, což mu nakonec v[i/y|01]neslo zaměstnání s defin[i/y|10]tivou. V roce 1901 se Alois oženil s Marií Bezděkovou z Kob[i/y|01]lí. Tou dobou b[i/y|01]dlel v moravských Divákách, kde si koup[i/y|10]l dům se včel[í/ý|10]nem i jeho bratr. Brz[i/y|01] zde sourozenc[i/y|10] založil[i/y|10] knihovnu a počínaje rokem 1893 se sem sjížděl[i/y|10] četní umělc[i/y|10] z celé Morav[i/y|01], čímž se Diváky stal[i/y|01] v[í/ý|01]znamným centrem kultury. Vrcholem společné tvorb[i/y|01] obou sp[i/y|10]sovatelů bylo nepoch[i/y|01]bně realist[i/y|10]cké drama Mar[i/y|01]ša, ačkol[i/y|10] i sb[í/ý|10]rka pov[í/ý|10]dek Balvínkov[i/y|01] ženy má dodnes své kouzlo.
85;Rozporuplný Kainar;Po nás[i/y|10]lném uzavření v[i/y|01]sokých škol se Josef Kainar přestěhoval k otc[i/y|10] do Řepiště u Ostrav[i/y|01], kde pracoval zpočátku na p[i/y|10]le. Ve čtyřicátých letech se v[i/y|01]pjal k prvnímu vrcholnému v[í/ý|01]konu, Nov[í/ý|01]m m[í/ý|01]tům. Touto sbírkou básní se zařadil k halasovské generac[i/y|10], kterou tvořil[i/y|10] spisovatelé jako Jiří Kolář či Josef Hiršal. V roce 1949 jakob[i/y|01] vys[i/y|01]pal z rukávu sat[i/y|10]ru Ubu se vrací, která se však dočkala jen šesti repr[í/ý|10]z. Ke Kainarov[í/ý|01]m nejslavnějším básním patří dodnes „Stříhal[i/y|10] dohola malého chlapečka“. Tato i další známé básně se později dočkal[i/y|01] zhudebnění a stal[i/y|01] se součástí školní četb[i/y|01]. Kvůli básníkově angažmá v rozl[i/y|10]čných stranických funkcích se o vztahu jeho čtenářů ke Kainarov[i/y|10] dá trefně použít parafráze slavného verše „miloval[i/y|10] ho, jen když ho měl[i/y|10] rádi“.
86;Čí jsem?;Bratrov[i/y|10] kamarádi mě nemají rádi. Jsem totiž znám[í/ý|01] po celé škole. Prý jsem na starší děti drz[í/ý|01], vyzývav[í/ý|01] a rád je uvádím do rozpaků. Nechápu to. Když vidím Pavlov[i/y|01] (to je můj bratr) vrstevníky, jsem jak neviňátko. Nechápu, proč má Milan, jen co se ke mně otočí zády, batoh celý bíl[í/ý|01] od křídy nebo proč má školní snaživec Václav vždycky po setkání se mnou oslizl[í/ý|01] a zahnědl[í/ý|01] límec košile. Nejde mi to na mysl. Jsem přeci tak mil[í/ý|01]. Pro mého bratra jako bych byl ciz[í/ý|10], prý není možné, abychom byli oba otcov[i/y|10] synové. „Jeden z nás musí být nevlastní,“ říká zrudl[í/ý|01] bratr, když vidí má alotria. Přitom jsme oba skoro stejn[í/ý|10]: pohledn[í/ý|10], vyso[cí/ký|10] a tmavovlas[í/ý|10]. Ale zatímco Pavel je ten přemýšliv[í/ý|01], já jsem jen ten, který je zlobiv[í/ý|01].
87;Vrtěti psem;Jaký je vlastně ten ps[í/ý|10] život? Je skutečně tak oškliv[í/ý|01], jak praví rčení? Jen si to vezměte – ráno vás budí štěkáním a čumákem, jako by říkal: „Vstávej! Šup! Ty jsi snad ospal[í/ý|01]?“ A nechápe, že v šest jsou lidé většinou ještě nevyspal[í/ý|10]. To on je už s rozbřeskem čil[í/ý|01] a těší se na své hrav[é/ý|10] ps[í/ý|10] kamarády. Po venčení upírá do misky hladov[í/ý|01] pohled a čeká na poctiv[í/ý|01] kus jídla, který slupne raz dva, a zase na vás zírá. On by chtěl i páníčkov[i/y|01] palačinky! A ne jen ty, dal by si ještě ten šunkov[í/ý|01] chlebíček, pomerančov[í/ý|01] džus a hověz[í/ý|10] nákyp. Tac[í/ý|10] jsou prostě všichni psi. Hlavně když je žrádlo a tepl[í/ý|01] pelech. Myslím si, že určitě horší by byl třeba život krav[í/ý|10], koz[í/ý|10] nebo třeba hus[í/ý|10], ale to už je jiný příběh…
88;Muži v hněvu;„Bolav[í/ý|01] zub je sice mal[í/ý|01], ale bolest, kterou působí, je olbřím[í/ý|10],“ řekl Mirek a přiložil si na tvář ledov[í/ý|01] obklad. V obličeji byl otekl[í/ý|01] už sedm[í/ý|01] den a začínal z toho být více než rozmrzel[í/ý|01]. A nejen on. Mirkov[i/y|10] rodiče se při pohledu na syna trápili také. Protože byli velmi starostliv[í/ý|10], snažili se zajistit Mirkovi odpovídajíc[í/ý|10] lékařskou péči. Snažili se dokonce tolik, že z nich byl doktor Tumpach úplně tumpachov[í/ý|01]. „Vytrhli jsme mu moudr[í/ý|01] zub, to vždycky bolí,“ říkal jim nesměl[í/ý|01] doktor uklidňujíc[í/ý|10]m tónem, „uleví se mu, až bude řez trochu srostl[í/ý|01].“ Na to se Mirkovi ale nechtělo čekat, a byl tak na všechny okolo zl[í/ý|01]. To už ostatně rozhněvan[í/ý|10] mlad[í/ý|10] muži bývají.
89;Výrobní tajemství;Pan S[i/y|01]nek byl s[í/ý|01]rař, ale i chemik. Svou dílnu měl na s[í/ý|01]pce ve svém domě. Tam za pomoci s[i/y|01]řidla vyráběl s[i/y|01]rečky a jiné s[í/ý|01]rové lahůdky. Jako odpad mu vznikala s[i/y|01]rovátka. Pan S[i/y|01]nek byl ale nenas[i/y|01]tný zlos[i/y|01]n. Chtěl na s[í/ý|01]ru vydělat spoustu peněz. Odjel tedy do S[i/y|01]chrova a tam koupil s[í/ý|10]ru. Myslel totiž, že když napustí do s[i/y|01]rovátky s[i/y|10]rovodík, s[i/y|01]rovátka se pos[í/ý|10]lí a déle vydrží čerstvá. Když se pan S[i/y|01]nek druhého dne vrátil na s[í/ý|01]pku, stačil jen zas[í/ý|10]pat na S[i/y|01]lvii, svou ženu, že to na s[í/ý|01]pce strašně zapáchá a s[i/y|01]pal zase honem zpátky dolů. Na s[i/y|10]rné s[i/y|01]rovátce pak nevydělal nic a s[í/ý|01]pku musel kvůli nesnes[i/y|10]telnému zápachu zbourat.
90;Výzva;S[i/y|01]mpaťák S[i/y|10]mon se rozhodl s[í/ý|10]dlit u ohně celou noc sám. Byl s[i/y|10]ce s[i/y|01]tý, ale pro jistotu si z kuchyně nas[i/y|01]slil jahodový s[i/y|10]rup, nějaké sušenky, s[i/y|01]rovou mrkev a mas[i/y|10]tou hrušku, kdyby ho v noci přepadl hlad. Jak tak seděl potmě, sledoval vlnící se s[í/ý|10]tiny a jitrocely, život nočních ekos[i/y|01]stémů a přemýšlel nad různými s[i/y|10]tuacemi. Začalo být s[i/y|01]chravo a vítr s[í/ý|10]lil. Když najednou se těsně předním zjevila s[i/y|10]lueta s[í/ý|01]čka. Bořek jen s[i/y|01]kl leknutím a roztřásl se jako os[i/y|10]ka. Podle jeho babičky s[í/ý|01]ček nos[i/y|10]l smrt. Zvlášť když byl s[i/y|10]vý jako tento.
91;Cizokrajná návštěva;V[i/y|01]dra se v[i/y|01]nořila z vody. V[i/y|10]da, na v[í/ý|01]sluní se v[i/y|01]louplo nějaké zv[í/ý|10]ře. V[i/y|01]padá jako chlupatá v[í/ý|10]la. Kde se tu v[i/y|01]skytla? V[i/y|01]dra šla vyzv[í/ý|10]dat: „Hej, v[i/y|01], kdo jste?“ „Jsem v[i/y|10]kuňa a v[i/y|01]padla jsem z letadla.“ „Tak v[í/ý|10]tejte ve V[i/y|01]škově! Dáte si koláč s v[i/y|10]šňovými pov[i/y|10]dly? Je v[í/ý|01]borný! V[i/y|01]zkoušejte ho...“
92;Bob a Bobek v Asii;Jednoho dne se Bob a Bobek v[i/y|01]dali na v[í/ý|01]let. Chtěli v[i/y|10] v[i/y|10]sutý most ve v[í/ý|01]chodním V[i/y|10]etnamu. V[i/y|01]dali se tedy na cestu a v[í/ý|01]borně se bav[i/y|10]li až do té doby, kdy Bobek dostal V[i/y|01]rážku. „V[i/y|01]drž, Bobku,“ v[i/y|01]jekl Bob, „v[i/y|01]nasnažíme se ve v[í/ý|10]ru velkoměsta v[i/y|01]hledat doktora.“ Když ho objev[i/y|10]li, doktor je v[i/y|01]slechl a prav[i/y|10]l, že to je z nedostatku pracov[i/y|10]tosti a zv[i/y|10]klal Bobka, aby si vzal v[i/y|10]dle a navrstv[i/y|10]l na kupu posekané trav[i/y|10]ny. To mu prý v[i/y|01]rážku v[i/y|01]léčí. Bobek si radostně zav[í/ý|01]skl a dal se do práce.
93;Ze žákovské knížky;Vážený pane Rozraz[i/y|10]le, Váš syn Kaz[i/y|10]m chodí do škol moc brz[i/y|01], hroz[i/y|10]vě na mě z[í/ý|10]rá a při fyz[i/y|10]ce drze z[í/ý|10]vá. Navíc se tváří přez[í/ý|10]ravě a tvrdí, že od z[í/ý|10]třka ho mám naz[í/ý|01]vat kamz[í/ý|10]kem. A začíná se podle toho chovat. Nepřestává plaz[i/y|10]t jaz[i/y|01]k, honit ve vlasech paraz[i/y|10]ty a loz[i/y|10]t po z[í/ý|10]dkách na dvorku. Prosím o nápravu. Z[i/y|10] Z[i/y|10]kmundová
94;Sen;L[i/y|01]ska n l[í/ý|10]sce četla l[i/y|01]rickou l[i/y|10]tanii svázanou l[í/ý|01]kem. L[í/ý|10]čila l[í/ý|10]tost l[í/ý|10]bezné L[i/y|10]ndy, která se zal[i/y|01]kla pláčem. Do jejích l[í/ý|10]čidel totiž L[i/y|10]bor pol[í/ý|10]čil past na myši. L[i/y|10]ndě přiskřípla mal[í/ý|10]ček a musela si ho nechat ošetřit na pol[i/y|10]kl[i/y|10]nice. Zdal[i/y|10]pak se vám také zdají takové sny?
95;Večer před velkou zkouškou;Harry měl pocit, že se z té čarodějnické jaz[i/y|01]kovědy brz[i/y|10]čko zblázní. Stejně z něho bude bystrozor, a ne jaz[i/y|01]kovědec. Kdyby se tak každý jaz[i/y|01]k dal rozpitvat stejně snadno jako dračí jaz[í/ý|01]čky, které prodávali v Medovém ráji. Z[í/ý|10]tra se ukáže. Bude muset vz[í/ý|01]vat všechny kouzelnické svaté, aby se mu ta zkouška vydařila. Dnes už je ale pozdě, navíc se udělala podezřelá z[i/y|10]ma. Místností prolétl průvan. Sušený z[i/y|10]mostráz stojíci ve váze na stole se převrátil a zralé malvaz[i/y|10]nky se skutálely na podlahu. V rohu místnosti cosi dopadlo na zem. Harry z[í/ý|10]vl, vytáhl hůlku, aby z[í/ý|10]skal čas reagovat na případného nepřítele.
96;Bouřka;Za okny pl[i/y|01]nulo pokl[i/y|10]dné odpoledne. Občas bylo z dáli sl[i/y|01]šet hromy. Začalo se bl[í/ý|01]skat. Babička postavila na stůl hromničku a zapál[i/y|10]la ji. Na čele ji naběhla starostl[i/y|10]vá vráska. Pavl[í/ý|10]k se ještě nevrátil z lesa, kde sbíral mal[i/y|10]ny. Mal[i/y|10]nko se zastavila. Nebude pl[í/ý|01]tvat časem. Skopla své pl[i/y|01]šové bačkory a vydala se k bl[í/ý|10]zkému lesu vstříc tomu malému pachol[í/ý|10]kovi. Zanedlouho doběhla až ke ml[í/ý|01]nu, kam obvykle chodila ml[í/ý|10]t obilí. Polkla. Z divoce rostoucího pel[i/y|01]ňku viděla trčet hubené l[í/ý|01]tko. Ale najednou se rostl[i/y|10]ny zamlely a Pavl[í/ý|10]k se vynořil s ol[i/y|01]salou živou veverkou v ruce. Zal[i/y|01]kal se štěstím.
97;Jak si Jindra zlomil ruku;Mezi pol[i/y|10] se klikatila cesta posetá klas[i/y|01]. Z dál[i/y|10] bylovidět, jak se po ní blíží Jindra se svými dvěma kamarádkam[i/y|10]. Obě, i když ověšené falešnými drahokam[i/y|01], statečně poháněly pedál[i/y|01] svých bicyklů. Obil[í/ý|10] se vlnilo a na obloze bylo vidět orl[i/y|01]. „Už abychom byli v cíl[i/y|10],“ povídá Jindra. Právě se dostali do stínu mezi strom[i/y|01]. Rostly tam parádní hřib[i/y|01]. Tak nechali kola kol[i/y|01] a vrhli se na ně. Pak pokračovali podle plánované tras[i/y|01] do blízké vs[i/y|10]. Na sinici se rozjeli tak rychle, až jim vlály vlas[i/y|01]. Po louce vedle silnice se najednou rozběhly kráv[i/y|01]. Jindra se lekl a už byl na zem[i/y|10]. Zlomil si ruku. Před přátel[i/y|10] pak vykládal, že mu do cesty vběhlo koťátko a že upadl schválně, aby jej zachránil.
98;Panda Vanda;Panda Vanda žila kdesi mezi dvěma velkými prales[i/y|01] v australské džungl[i/y|10]. Po nocích pořádala zápas[i/y|01] s opicem[i/y|10] a ve dnech si házela ananas[i/y|01] s divokými ps[i/y|01] dingo. Jednoho dne ale lidé les[i/y|01] vypálili a Vanda se rozhodla odstěhovat do Evrop[i/y|01]. V novém domově však vypadala, jako by jí ulétly včel[i/y|01]. Slz[i/y|01] se jí koulely po tváři, když potkala páv[i/y|01] pyšnící se svými pestrými háv[i/y|01]. Ti jí poradili, aby se setkala s pány Francouz[i/y|10], Ital[i/y|01] a Španěl[i/y|01], že prý ji dovedou do zoologické zahrady. Tam lidé platí peněz[i/y|10], aby se mohli pokochat cizokrajnými němými tvářem[i/y|10]. A tak panda Vanda prošla branam[i/y|10] ZOO a zabydlela se ve výběhu mezi rys[i/y|01] a žirafam[i/y|10] a těší se na vaši návštěvu.
99;Odměna za námahu;V květnu jsme vyrazili na výlet [na horu/nahoru|10] jménem Sněžka. Z Pece pod Sněžkou se nám [z prvu/zprvu|01] šlo [z lehka/zlehka|01], ale [po chvíli/pochvíli|10] už se začaly ozývat první turistické neduhy. „Jak daleko je to ještě nahoru?“ ptal se malý Vašíček a kamarád Martin mu odpovídal: „[Za chvíli/zachvíli|10] tam budeme.“ Měl [při tom/přitom|01] [vše vědoucí/vševědoucí|01] výraz a smělý tón jeho hlasu vzbuzoval důvěru. [Po třech/Potřech|10] minutách se Vašíček ptal znovu. „[Do kdy/Dokdy|01] tě to bude bavit?“ obořila se na něj Blanka. „[Do té/doté|10] doby, dokud tam nebudeme,“ odtušil srdnatě Vašíček. Cesta se klikatila mezi stromy, [z leva/zleva|01] zpívaly sýkorky, [z prava/zprava|01] cvrlikali cvrčci a [do hromady/dohromady|01] to znělo jako symfonie, která byla bohužel neustále narušována dotazy malého Vašíčka. Když jsme se ale konečně vydrápali [na horu/nahoru|01] na Sněžku, vzaly chlapcovy dotazy zasvé. Krajinu měl [do slova/doslova|01] jako [na dlani/nadlani|10].
100;Sláva zašlých časů;[Na podvečer/Napodvečer|10] se vyčasilo. [Ku podivu/Kupodivu|01] se ale příliš neoteplilo, a [pro to/proto|01] se letos [ve vnitř/vevnitř|01] muselo pořád topit. [Při tom/Přitom|01] dřeva byl nedostatek – [vše vidoucí/vševidoucí|01] správce panství obcházel lesy přichystaný penalizovat broky každého, kdo sbírá [po tají/potají|01] dříví. Dědeček seděl před chalupou a vzpomínal, že [za mlada/zamlada|01] to tu vypadalo jinak. Šlechta ze zámku nechodila mezi lid tak [z řídka/zřídka|01] jako dnes a [z pravidla/zpravidla|01] se zastavili na kus řeči i tady, ve mlýně. Dědečkova tatínka si tu totiž každý vážil, protože mu [na čase/načase|10] tolik nezáleželo a byl ho ochoten věnovat každému notný kus. Byl to [bez debat/bezdebat|10] moudrý muž. [Nad to/Nadto|01] byl velmi zbožným člověkem a svou náruč křesťansky otevíral každému, kdo se ocitl [v nouzi/vnouzi|10].
101;Soužení;[Z dálky/Zdálky|10], která mezi námi vězela, jsem nebyl nadšený. [Bez pochyby/Bezpochyby|01] to mrzelo i tebe, ale [ku podivu/kupodivu|01] jsi na sobě nedala v dopisech nic znát. [Z prvu/Zprvu|01] – myslím tím [na počátku/napočátku|10] našeho vztahu – jsem byl tebou oslněn. [Na čase/Načase|10] mi nezáleželo. [Po tom/Potom|10], co jsi odjela, jsem [po nejprv/ponejprv|01] pocítil stesk. [Pro to/Proto|10], co se odehrálo toho léta, bych byl schopen zemřít. A tak se začalo soužení. Večer jsem si vždycky zalezl do postele a pěkně [z blízka/zblízka|01] si prohlédl nový dopis, který ke mně doputoval. [Po tom/Potom|01] jsem ho rozložil na peřinu a [po každé/pokaždé|01] jsem si hluboce povzdychl – [na prázdno/naprázdno|10] v pokoji i v mém srdci se zvykalo těžce. Pak jsem vzal [po domácku/podomácku|01] vyrobený kahan a svítil si svíčkou na papír. [U prostřed/Uprostřed|01] noci jsem se pak pokaždé probudil a [na mysli/namysli|10] mi ulpívalo dlouze každé tvé slovo.
102;Jak se vydali Pú s králíčkem na výlet;Hnedka [po ránu/poránu|10] Púa napadlo, že by se mohl dát [do hromady/dohromady|01]s králíčkem a jet s ním na výlet. A protože měl králíček zrovna [z brusu/zbrusu|01] nové kolo, jeli na kolech. Pú, který neustále zůstával za králíčkem [po zadu/pozadu|01], rozhodl: „Pojeďme [na horu/nahoru|01] [na horu/nahoru|10]. Je to sice [v celku/vcelku|01] [do kopce/dokopce|10], ale když to vyjedeme [na dvakrát/nadvakrát|11] a [u prostřed/uprostřed|01]si hezky [na hlas/nahlas|01] zazpíváme, určitě to zvládneme.Odbočili tedy [do prava/doprava|01] na klikatou cestu vedoucí [do vrchu/dovrchu|10]. Když vystoupali až [do půlky/dopůlky|10] svahu, vypili [na ráz/naráz|01] [do dna/dodna|10] veškerou šťávu, co měli s sebou, a snědli něco [na posilněnou/naposilněnou|10]. Pú [z těžka/ztěžka|01] dosedl [na zem/nazem|10] a dal se [do zpěvu/dozpěvu|10]. [Na vrchol/Navrchol|10] nikdy nedojeli, protože oba, stočeni [do klubíčka/doklubíčka|10], [za nedlouho/zanedlouho|01] únavou usnuli.
103;Setkání u řeky;[Od mala/Odmala|01] jsem jezdíval na prázdniny na venkov k babičce. Už [od jara/odjara|11]jsem se těšil, jak budu chodit [na boso/naboso|11], časně [z rána/zrána|11] [na rychlo/narychlo|11] vypiju hrnek kakaa a dám si babiččin [po domácku/podomácku|01] pečený chleba. A jak čas běžel [o sto šest/ostošest|11], prázdniny tu byly [coby dup/cobydup|11]. Řekl jsem všem [na shledanou/nashledanou|10], [na honem/nahonem|01]si sbalil batoh a šupajdil k babiče. Ráno jsem se vydal k řece. Zpěv ptáků zněl [ode všad/odevšad|01]. Ale já jsem seděl u řeky [z ticha/zticha|01] jako pěna, abych si neplašil ryby. [Na jednou/Najednou|01] [v zadu/vzadu|01]v houští něco zachrastilo a ozvalo se zachrochtání. Divočák! [Na víc/Navíc|01] měl s sebou mladé. Neměl jsem [na vybranou/navybranou|10].[Z volna/Zvolna|01]jsem se posunoval ke stromu. A pak jsem rychle vylezl [do koruny/dokoruny|10]. Teď jsem se díval na divočáky [s hůry/shůry|01]. Třásl jsem se strachy a [při tom/přitom|01]jsem byl [v bezpečí/vbezpečí|10]. Na stromě jsem [pro jistotu/projistotu|10]zůstal ještě půl druhé hodiny a [po tom/potom|01] jsem odkráčel domů. Bylo [na čase/načase|01]. Babička mě už sháněla.
104;Chlubivý člověk;V B[i/y|01]strci blízko b[i/y|01]střiny B[í/ý|10]liny b[i/y|01]dlel muž, který se moc rád chlub[i/y|10]l. Celý život se jen snažil, ab[i/y|01] na někoho zapůsob[i/y|10]l. Nikdo ze vsi však už ale nemohl ani slyšet ty jeho líb[i/y|10]vé, zb[i/y|01]tečné řeči. Proto ho často odb[í/ý|01]vali a radili mu, ab[i/y|01] změnil b[i/y|01]dliště a přestal b[í/ý|10]dně marnit svůj život tím bájným lhaním. Muži to b[i/y|01]lo líto. Pohřb[i/y|10]lo to jeho naděje na to, že b[i/y|01] mohl dob[í/ý|01]t svět, jak o tom snil. Všichni si o něm mysleli, že pozb[i/y|01]l rozumu nebo že zaslíb[i/y|10]l svou duši ďáblu. On b[i/y|01]l přitom ob[i/y|01]čejný člověk a jen chtěl b[í/ý|01]t mezi ob[i/y|01]vateli vesnice oblíbený.
105;Dobrou chuť s příběhem na míru;Jednou v úterý, svátek měl právě Zb[i/y|01]šek, mě má b[i/y|01]tná Alb[i/y|10]na původem z Ruska pob[í/ý|10]dla, ab[i/y|01]ch se u ní hezky uveleb[i/y|10]l v křesle. Na stůl postavila černou krab[i/y|10]ci s b[í/ý|10]lými houbičkami. B[i/y|01]ly v ní starob[i/y|01]lé dopisy. Psal je její pradědeček, slavný pisatel ruských b[i/y|01]lin. Často jsme se jimi spolu prob[í/ý|10]rali. Její pradědeček b[i/y|01]l první Rus, který si otevřel vlastní b[i/y|10]stro na Sib[i/y|10]ři. Nežil sice v blahob[i/y|01]tu, zato b[i/y|01]l ale neob[i/y|01]čejně populární. Ke každé krmi zákazník dostal i příběh na míru.
106;Hobit;„Hob[i/y|10]ti jsou b[i/y|01]tůstky drobného vzrůstu. Přeb[í/ý|01]vají ve Středozemi.“ slab[i/y|10]kovala Adélka. Chtěla najít B[i/y|10]lba Pytlíka a jeho syna Froda. Ve snech ji totiž neodb[i/y|01]tně zlob[i/y|10]l jeden čaroděj. Každou noc ji nutil b[í/ý|10]lit b[í/ý|10]lé krávy na b[í/ý|10]lo. A to dá rozum, dob[i/y|01]tek se přece nebarví. Jeden b[í/ý|01]ček měl tak smutné oči, když se k němu rozb[í/ý|10]hala se štětcem, že se rozhodla, že se nadvlády čaroděje musí zb[í/ý|01]t. A v tom jí nemohlo pomoct žádné velké b[i/y|10]dlo. Upotřeb[i/y|10]la b[i/y|01] spíš někoho osob[i/y|10]tě malého. Hob[i/y|10]ta. Ještě chvíli listovala hob[i/y|10]tí B[i/y|10]blí, pak si sbalila věci do batůžku a už jí neb[i/y|01]lo. Vydala se na cestu do Středozemě.
107;Na zámku straší;M[i/y|10]lí kamarádi, m[i/y|10]nulé léto jsem strávil v Litom[i/y|01]šli. Slyšel jsem, že je tam muzeum m[i/y|10]niatur, ale asi jsem ho někde m[i/y|10]nul. M[í/ý|10]sto toho se m[i/y|10] dostalo m[i/y|10]mořádné prohlídky na m[í/ý|10]stním zámku. Průvodkyně M[i/y|10]lena m[i/y|10]strně ovládala m[í/ý|01]ty, kterými umně m[i/y|01]stifikovala své posluchače. Prý tu kdysi m[í/ý|10]vala domov komteska M[i/y|10]chaela, která měla moc ráda m[i/y|01]dlinkové koupele. Jednou neúm[i/y|01]slně rozdm[í/ý|01]chala pěnu tak, až v ní celá zm[i/y|10]zela. Pak už se nikdy neobjevila. Od té doby si lidé dom[í/ý|01]šlí, že M[i/y|10]chalka na zámku v noci straší.
108;Hloupý nápad;Purkm[i/y|10]str Přem[i/y|01]sl z Nezam[i/y|01]slic vym[i/y|01]slel jednou m[i/y|10]moděk takovou nesm[i/y|01]slnou věc. Aby prý se vym[í/ý|01]til konečně všechen hm[i/y|01]z a m[i/y|01]šky, které se neustále ochom[í/ý|01]taly kolem domácího sýra, bylo podle něj nutné rozm[í/ý|10]stit do všech koutů m[í/ý|10]stnosti dva dny staré pom[i/y|01]je. Ten nápad se vym[i/y|01]kal veškerému chápání, ale přesto ho museli sluhové zrealizovat. Po dvou dnech se z domu linul m[í/ý|10]rný zápach. Nakonec pán musel uznat, že se zm[í/ý|01]lil. Sluhové pak museli celý dům vysm[í/ý|01]čit a tím se zbavili veškerých nežádoucích zvířecích příživníků.
109;Co se stalo v kině;Místní kina dával[a/y|10] toho večera nový díl Harryho Pottera. Přišl[i/y|01] tisíce lidí. Mezi nimi byl[i/y|10] i Maruška, Péťa a Ondra. Všichni se usadil[i/y|10] na pohodlná sedadla a čekal[i/y|10], až začne film. Na plátně zatím běžel[i/y|01] reklamy. Nakonec se všechny natěšené děti dočkal[i/y|01] i filmu. Harry a Ron bojoval[i/y|10] s temnými silami. Když tu najednou promítací plátno puklo, oponové závěsy zavlál[i/y|01] ve větru a výrazy diváků zkameněl[i/y|01]. Tam, kde bývalo předtím plátno, diváci spatřil[i/y|10] tři temné postavy, které letělfi/y|01] na koštěti. Pak je oslepil[i/y|01] zelené záblesky a požární ukazatelé začal[i/y|10] bláznit. Nikdo neví, co by se ještě stalo, kdyby se najednou nerozsvítila světla v sále.
110;Špagety s myší příchutí;Jednou takhle k poledni se pejsek s kočičkou rozhodl[i/y|10], že si k obědu uvaří špagety a pozvou na hostinu i manžele Kočkopsovi, kteří bydlel[i/y|10] hned vedle. Běžel[i/y|10] tedy honem nakoupit všecko, co k tomu potřeboval[i/y|10]. Při vaření na ně z koutů kuchyně pomrkával[i/y|01] drzé myši a schválně jim práci kazil[i/y|01]. Než se pejsek s kočičkou stihl[i/y|10] otočit, jednotlivé špagety trčel[i/y|01] ze zásuvek i z květináčů. A právě tu chvíli si manželé Kočkopsovi vybral[i/y|10] ke svému příchodu. Když to viděl[i/y|10], jen na sebe oba pejskové mrkl[i/y|10] a obě kočičky výhružně na myši zaprskal[i/y|01]. Všichni čtyři se vrhl[i/y|10] na myši. Nakonec posbíral[i/y|10] špagety a uvařil[i/y|10] si k nim dobrou myší omáčku. Pak už se v jejich kuchyni myši nikdy dobrovolně neobjevil[i/y|01].
111;Co je čí?;Procházkov[i/y|10] vlastnili dům hned vedle sousedov[i/y|01] vilky. Plot mezi oběma domy chátral. Nespravovali ho ani Procházkov[i/y|10] ani Šmídov[i/y|10] odvedle. Tak se snadno stalo, že Šmídov[i/y|10] našli na zahradě míč, který původně vlastnili Procházkov[i/y|10]. Paní Šmídová vrátila míč zpátky Jendov[i/y|10] Procházkov[i/y|10]. Míč patřil ale jeho bratru Pavlov[i/y|10]. Jendu napadlo, že dá míč bratrov[i/y|10] jen tehdy, když mu slíbí, že bude moct celý týden používat tatínkov[i/y|01] podběráky na ryby. Obvykle je totiž používal Pavel, protože ty Pavlov[i/y|01] nestály za nic. Pavel na podmínku ale nepřistoupil a nic nepomohly ani Jendov[i/y|01] slzy. Jenda se nakonec rozhodl, že Pavlov[i/y|10] už míč nikdy nevrátí. Ten ale jen zavrčel, že to poví tatínkov[i/y|10] a dědečkov[i/y|10] a že se ještě uvidí.
112;Pronásledování bledé tváře;Michalov[i/y|01] nápady měly vždycky něco do sebe. Nikdy nepotřeboval k tomu, aby něco vymyslel, učitelov[i/y|01] rady. Jednou se takhle Michalov[i/y|10] vylíhlo v hlavě, že bychom mohli uspořádat pronásledování bledé tváře tak, jak to četl ve Vinnetouov[i/y|10]. Bratři Markov[i/y|10] a sestry Jarošov[i/y|01] nadšeně zakývali hlavou, jen Matějov[i/y|10] se udělala vráska na čele. „Kde ale tu bledou tvář vezmeme?“ obrátil se k Michalov[i/y|10]. „Postavíme si chýši hned vedle školy, jak bydlí Hovorkov[i/y|10], a kdo se na našem území objeví první, bude naší bledou tváří.“ řekl klidně Michal. Jako první se na indiánském území objevili pán a paní Hovorkov[i/y|10]. Ještě ani nestihli být pronásledováni a už pro Michalov[i/y|01] plány neměli pochopení. Jejich psov[i/y|10] totiž přítomnost dětí vadila a štěkal už dobrou hodinu jako pominutý. Hovorkov[i/y|10] si na pomoc zavolali také Matějov[i/y|01] rodiče a manžele Jarošov[i/y|01]. Jen Michalov[i/y|10] rodiče chyběli. Děti pak musely domů a víckrát si u Hovorků na indiány nehrály.
113;Všecko létá, co peří (ne)má;Když maminka otevřela dveře do dětského pokoje, zděsila se. Na zemi se válely Štěpánov[i/y|01] kalhoty, Honzíkov[i/y|10] plyšáci, Kubov[i/y|01] špinavé ponožky, Martinov[i/y|01] popsané papíry a ta nebylo všechno. Stůl pokrývaly Štěpánov[i/y|01] rozházené pastelky a Kubov[i/y|01] omalovánky. Nepořádek korunovaly pak zablácené Martinov[i/y|01] kopačky pohozené v čisté posteli. „To snad není pravda, říkala jsem přece Kubov[i/y|10], aby si všichni v pokoji uklidili!“ soptila v duchu maminka a přistoupila k oknu. Pod oknem se pásly sousedov[i/y|01] krávy a byli s nimi i dva Maršov[i/y|10] kozli. Maminka otevřela okno a jako první vyhodila Honzíkov[i/y|01] plyšáky, pak následoval zbytek. Pak rozkázala Štěpánov[i/y|10], Honzíkovi[i/y|10], Kubov[i/y|10] a Martinov[i/y|10], aby si věci šli posbírat. Kozlov[i/y|10] ale mezi tím zachutnaly ponožky a nechtěl je Kubov[i/y|10] dát. Po této lekci si už kluci vždycky uklízeli a ani je nenapadlo na maminku žalovat tatínkov[i/y|10].
114;Cesta středem Země;Na severním pólu bylo nehezky. Ledy tál[i/y|01] a lední medvědi seděl[i/y|10] v kruhu a rokoval[i/y|10]. Medvědice, protože ty jsou obecně rozumnější než medvědi, navrhoval[i/y|01], aby všichni svorně opustil[i/y|10] severní pól a vydali se hledat mráz a sníh na jih. Medvědi si ťukal[i/y|10] na čelo a medvíďata nevěděl[i/a|01], na čí stranu se přiklonit. Medvědi se rozdělil[i/y|10] do skupinek a ty pak ještě dlouho probíral[i/y|01] všechna pro a proti takové výpravy. „Byl[i/y|10] bychom první medvědi na jižním pólu, měl[i/y|10] bychom led a sníh a nemusel[i/y|10] se bát o budoucnost,“ uzavřel nakonec hlavní medvěd. Medvěd Míša a medvědice Bína souhlasně pokyvoval[i/y|10]. Druhého dne tedy začal[i/y|10] uprostřed pólu kopat tunel, kterým se měl[i/y|10] podle všeho dostat až na jižní pól. Byl[i/y|01] to úplné galeje. Medvíďata od samého kopání bolel[i/y|01] packy. Dni míjel[i/y|01] a tunel nebyl stále hluboký ještě ani pět metrů. Jednou ráno se ale věci dal[i/y|01] do pohybu. Objevil[i/y|10] se ledoborci a na pevninu vystoupil[i/y|10] bílí muži. Vysvětlil[i/y|10] medvědům, že se z jednoho pólu na druhý prokopat nemůžou, a přesvědčil[i/y|10] medvědy, aby s kopáním přestal[i/y|10].
115;Co se stalo po cestě vlakem;Byl[i/y|01] prázdniny. Rodiče Vaška v Brně posadil[i/y|10] na vlak. Všecky vlaky z této koleje jezdil[i/y|01] do Buchlova, kde bydel[i/y|10] jeho dědeček s babičkou. Za oknem se míhal[i/y|01] stromy, silnice a domy. Občas zahlédl nějaké lidi nebo zvířata. Jednu chvíli s vlakem závodil[i/y|10] i koně. Vaškovi spolucestující sledoval[i/y|10], jak chlapci zářil[i/y|01] oči. Všichni byl[i/y|10] spokojení, protože ve vzduchu byl[i/y|01] cítit vůně léta. Když tu najednou se ozval[i/y|01] podivné zvuky. Takové Vašek ani jeho spolucestující ve vlaku ještě neslyšel[i/y|10]. Přesto bylo zřejmé, že vyšl[i/y|01] z kupé, a ne z venku. Pak nervy na Vaškových nohou pocítil[i/y|01] podivný vlhký chlad. Vašek ucukl a zvuk se ozval znovu. Výstražné zasyčení. Ženy vyskočil[i/y|01] na sedačky a Vaškovy tváře zbledl[i/y|01]. Byl[i/y|10] to dva hadi. Těla se pomalu pohyboval[a/y|10] směrem ke dveřím. A v tu chvíli se dveře otevřel[i/y|01] a v nich stanul průvodčí. Věta „Kontrola jízdenek prosím.“ se mu zadrhla v hrdle…
116;Příliš mnoho dobrodružství na jeden školní výlet I;B[i/y|01]l konec školního roku. V[i/y|01]učování už nikoho nebav[i/y|10]lo a b[i/y|01]lo v[i/y|10]dno, že paní učitelky v[i/y|01]hlíží prázdniny s větší netrpěl[i/y|10]vostí než žáci. Ab[i/y|01] si všichni ukrátili zb[í/ý|01]vající čas ve škole, v[i/y|01]mysleli, že v[i/y|01]razí na někol[i/y|10]kadenní v[í/ý|01]let na kánoích na řeku Vltavu a dob[i/y|01]dou společně Český Krumlov. V[i/y|01]pluli z V[i/y|01]ššího Brodu. Voda v řece krásně pl[i/y|01]nula a mezi vlnkami se bl[i/y|01]štěly paprsky slunce. Paní učitelka se nad tou krásou rozpl[í/ý|01]vala a vůbec nepom[i/y|01]slela na to, že by ta id[i/y|01]lka mohla pom[i/y|10]nout. Zčista jasna zahřmělo. Řeka se skoro naráz přestala třp[i/y|01]tit v slunečním sv[i/y|10]tu a žáci začali trop[i/y|10]t pov[i/y|01]k. Tábořiště, kde měli b[i/y|10]vakovat, se rozprostíralo nedaleko. Rozdm[í/ý|01]chali tedy odvahu, kterou pohřb[i/y|10]lo v[i/y|01]děšení z bl[í/ý|10]žící se hroz[i/y|10]vé bouře, a pluli co nejrychleji směrem do kempu. Jenže se zvedl s[i/y|10]lný v[í/ý|10]tr…
117;Příliš mnoho dobrodružství na jeden školní výlet II;Loďky se začaly zm[í/ý|10]tat v obrovských vlnách. „To máte za to, že jste chtěli přem[í/ý|10]ru dobrodružství. Teď si to odp[i/y|01]káte!“ jako b[i/y|01] jim chtěla sděl[i/y|10]t matka Příroda. L[i/y|10]lo jako z konve. Přes l[i/y|10]javec nemohla paní učitelka doz[í/ý|10]rat na všechny žáky. A najednou se to stalo. S[i/y|10]tuace se v[i/y|01]hrotila. Do cesty se jim nachom[í/ý|01]tl kmen přes řeku. L[i/y|10]nda se Zb[i/y|01]ňkem na první loďce jen zav[i/y|01]li bezmocí. Nemohli nic dělat. Jejich loď si to m[í/ý|10]řila přímo na kmen. Zasekli se a proud jejich loďku potopil. Zbyněk se dostal do v[í/ý|10]ru, L[i/y|10]ndina hlava se sem tam v[i/y|01]nořila nad hladinu a hned zase zm[i/y|10]zela. Brz[i/y|01] už se oba zal[i/y|01]kali šp[i/y|10]navou říční vodou. Paní učitelka v[i/y|01]křikla na žáky, aby v[i/y|01]stoupili z lodí okamžitě na břeh zarostlý devěts[i/y|10]ly a vrb[i/y|10]nami. Sama r[i/y|10]skovala a vrhla se, strachy v[i/y|01]šinutá, s v[í/ý|10]rou do zachraňování.
118;Příliš mnoho dobrodružství na jeden školní výlet III;Paní učitelka neb[i/y|01]la zv[i/y|01]klá čel[i/y|10]t proudu o takové s[í/ý|10]le. Neopl[í/ý|01]vala mnoha nápady, jak oba žáky zachránit, ale úb[i/y|01]tek žactva s[i/y|10] nemohla dovolit. Zb[i/y|01]něk se zachytil za v[i/y|10]klavý kmen a zůstal na něm v[i/y|10]set. L[i/y|10]ndu paní učitelka také nakonec díky svému v[í/ý|01]bornému plaveckému umu v[i/y|01]táhla z vody. Ti na břehu, kteří doteď ani nemrkli ani nepol[i/y|01]kali, konečně v[i/y|01]dechli. Všichni se třásli z[i/y|10]mou a v[i/y|01]čerpáním. Do tábořiště je nakonec dovezli dělníci z nedaleké p[i/y|10]ly, kteří se vraceli z práce kolem řeky. V kempu začali všichni konečně us[i/y|01]chat. V kuchyni jim uvařili v[í/ý|01]tečný slep[i/y|10]čí v[í/ý|01]var, který zase postavil na nohy. Jen L[i/y|10]nda, Zb[i/y|01]něk a paní učitelka chytili z té vody pořádnou v[i/y|01]rážku. Ve vzpom[í/ý|10]nkách žáků nakonec největší hrůzy v[i/y|01]bledly a už teď se těší na další p[i/y|10]kle, které spolu jako třída v budoucnu ukují.
119;Zákeřný hrnec;Blízko Veverské B[í/ý|10]týšky bab[i/y|10]ce b[i/y|01]linkářka právě vyb[í/ý|10]lila své b[i/y|01]dlo. Do tlakového hrnce dala vařit dob[i/y|01]tčí hlavu. Pozvala totiž Zb[i/y|01]ška. Hodiny právě odb[í/ý|10]jely jedenáctou. Najednou tlakový hrnec začal syčet. Syčení nab[í/ý|10]ralo na intenzitě. Hrnec explodoval a uvařený kus dob[i/y|01]tka rozb[i/y|10]l okno. Z oběda nezb[i/y|01]lo nic a z okenního skla také ne.
120;Podivný zvyk;Budu vám vyprávět o jednom zvyku, který se uchytil v Přib[i/y|01]slavi. Přivezl ho sem pan Rob[i/y|10]n z Kolumb[i/y|10]e. Tento neob[i/y|01]čejný ob[i/y|01]čej se rychle uchytil. Dodržovali ho všichni ob[i/y|01]vatelé města. Místo ab[i/y|01] ukazovali ukazováčkem, našpulili rty jako ryb[i/y|10]čka. Pak pokynuli směrem k b[i/y|01]tosti nebo věci. Ukázání prstem časem nab[i/y|01]lo neslušného významu. Představte si, jak ale působ[i/y|10]li Přib[i/y|01]slavští mimo město.
121;Co způsobily buchty;B[i/y|10]zonka napekla povidlové buchty. B[i/y|10]zoní mláďata se o ně b[i/y|10]la. B[i/y|10]zonek B[i/y|10]voj zb[i/y|01]lá mláďata přelstil a všechny buchty snědl. Přepadly ho ale výčitky svědomí. Posb[í/ý|10]ral tedy drob[i/y|10]nky a vylezl s nimi na bab[i/y|01]ku. Zb[i/y|01]tky odtud rozházel. Čekal, že vyrostou nové buchty. Nevyrostly. Zato zlob[i/y|10]vého b[i/y|10]zona museli sundavat z bab[i/y|10]čky hasiči.
122;Krutovládce;Do Černob[i/y|01]lu vpadl žížalí krutovládce. Vyb[í/ý|10]dl ob[i/y|01]vatele blízko i v dálce, ab[i/y|01] mu tam sloužili. B[í/ý|10]dák jeden. Nedal jim na výběr. Měli by pro něj vyhloub[i/y|10]t hodně děr. Žížalí b[i/y|01]tosti netrpěly ale hloupostí. Věděly, že v Černob[i/y|01]lu b[i/y|01] se nedožily ani pondělí. Jak b[i/y|01] tak díry hloub[i/y|10]ly, končetiny b[i/y|01] jim rostly a hned b[i/y|01] se množily. Nastala tedy b[i/y|10]tva a žížalí krutovládce si škrtl sotva. Jeho pozemské b[i/y|01]tí skončilo v Černob[i/y|01]lu.
123;Neskutečná lahůdka;L[i/y|10]šák Karl[í/ý|10]k sl[i/y|01]šel vypravovat o skutečné del[i/y|10]katese. Onou lahůdkou bylo l[i/y|10]dské l[í/ý|01]tko. Ten den se strhl veliký l[i/y|10]javec. L[i/y|10]šák najednou sl[i/y|01]ší zvenčí vzl[i/y|01]kot. Vysl[í/ý|10]dí malou Pavl[í/ý|10]nku. Neváhá a odtáhne ji do nory. Sbíhají se mu sl[i/y|10]ny na šťavnaté dětské l[í/ý|01]tko. Přibl[í/ý|10]žil k němu tlamu, aby se zakousl. A pak se probudil.
124;Nenechavá straka;Straka spatřila skl[í/ý|10]čko. Bl[i/y|01]štělo se v dáli. Skl[í/ý|10]čko na chvil[i/y|10]nku spl[i/y|01]nulo s okolním sněhem. Mrzlo. Straka pro ten skleněný pl[í/ý|10]šek nemohla doletět. Najednou uviděla l[i/y|01]že. Nazula si je. Pak došlo ke kol[i/y|10]zi s l[í/ý|10]pou. Straka měla kl[i/y|10]ku. Zlomila si jen kl[í/ý|10]ční kost, ale pl[í/ý|10]šek získala.
125;Hrozinky;L[i/y|10]bor si strčil do nosu hrozinku. Hrozinka se v nose zakl[í/ý|10]nila. Takhle přil[í/ý|10]pnutá na sl[i/y|10]znici po chvil[i/y|10]nce nabobtnala. L[i/y|10]bor jen na sucho pol[i/y|01]kal. Vzduch v pl[i/y|10]cích ubýval. L[i/y|10]bor nemohl dýchat. Nakonec ho museli odvést na kl[i/y|10]niku. Tam mu hrozinku z nosu pinzetou vytáhli.
126;Koupelnový rybník;L[i/y|10]duška se ráda koupala. Vypl[í/ý|01]tvala pokaždé hektol[i/y|10]try vody. Jednou zase kl[i/y|10]dně spl[í/ý|01]vala ve vaně. Oči se jí kl[í/ý|10]žily. Usnula. Prameny vody se začaly kl[i/y|10]katit po podlaze. Když L[í/ý|10]da procitla, byla pod vodou i pol[i/y|10]čka. Vodovodní kohoutek se zasekl a nepovolil. Chrl[i/y|10]l další a další vodu. Po té příhodě už L[i/y|10]duška vodou nikdy nepl[í/ý|01]tvala.
127;Myšlenky mloka;Mlok měl m[i/y|01]lné m[i/y|01]šlenky, že m[i/y|01]ši pijí ze sklenky. Hlem[í/ý|01]žď M[í/ý|10]la mu chtěl ten nesm[i/y|01]sl vym[í/ý|01]tit z hlavy. A hned se svědomitě pustil do přípravy. M[i/y|10]lý mloku, m[i/y|01]ši navštěvují leda strm[i/y|10]lovskou stoku. M[i/y|01]jí si v ní také packy. Provokují úm[i/y|01]slně racky. Dm[í/ý|01]chají totiž prach na břehu. A to je konec příběhu.
128;Mýdlofil;M[i/y|10]sionář m[i/y|01]dlinkové sekty vyjel do Dolom[i/y|10]t. Pro své cesty m[í/ý|10]val vždy jen krátký lim[i/y|10]t. Jeho m[i/y|10]se spočívala v tom, co měli lidi v m[í/ý|10]se. Chtěl je začít krm[i/y|10]t m[i/y|01]dlinkovou kaší. Ta je dle něj spásou naší. M[í/ý|01]dlo tělo i duši nám vym[i/y|01]je. Avšak jisté je, že jen kat M[i/y|01]dlář tuto kúru přežije.
129;Jak se naučit létat;M[i/y|10]chal se chtěl stát m[i/y|10]lionářem. Byl m[i/y|10]strem v m[i/y|01]stifikaci. Chodil po domech a vyprávěl sm[i/y|01]šlené m[í/ý|01]ty. Lidé ho rádi poslouchali a platili mu. Jednu m[i/y|10]lou stařenku ale svým příběhem pom[í/ý|01]lil. Řekl jí, že když udělá vým[i/y|01]k, naučí se létat. Stařenka to zkusila a zlom[i/y|10]la si nohu. M[i/y|10]chal ale dál v klidu vykládal lidem nesm[i/y|01]sly.
130;Kdo straší na zámku;Na zámku v Litom[i/y|01]šli žila kdysi m[i/y|10]lá holčička M[i/y|10]lada. M[i/y|10]lovala jízdu na koni. Často také vylézala na stromy a jen kom[í/ý|10]hala nohama. Byla neustále špinavá jako by vylezla z kom[í/ý|10]na. Ale nechtěla se m[í/ý|01]t. Jednoho dne zemřela na přem[í/ý|10]ru špíny. Od té doby v zámeckých m[í/ý|10]stnostech M[i/y|10]lada straší. Hledá m[í/ý|01]dlo, aby se vysvobodila z věčného bloudění.
131;Tichý klavír;Na sm[í/ý|10]chovském nádraží se to hemžilo lidm[i/y|10]. Klav[í/ý|10]r v hlavní hale stál nehnutě. Kláves[i/y|01] se třp[i/y|01]tily ve zlatav[í/ý|01]ch paprscích slunce. Klavír b[i/y|01]l ale něm[í/ý|01]. Procházející klavír[i/y|10]sty přesto s[i/y|10]lně váb[i/y|10]l. Nikdo zatím nepřišel na to, proč nástroj nevfi/y|01]luzuje tóny. Pak se klav[í/ý|10]r někdo rozhodl odstranit. Spadl jim při tom z v[í/ý|01]šky na zem. Klav[í/ý|10]r se rozb[i/y|10]l. Tehdy zjistili, že mu chyb[í/ý|10] struny.
132;Vlčí nebezpečí;Oheň už skom[í/ý|10]ral. Nic neb[i/y|01]lo v[i/y|10]dět kromě Tm[i/y|01]. Jindra sv[í/ý|10]ral v ruce klacek. Usl[i/y|01]šel s[i/y|10]lné zav[i/y|01]tí. To byla sv[í/ý|10]zelná s[i/y|10]tuace. Všem[i/y|10] sedm[i/y|10] kamarády ten zvuk trhl. Něco bl[í/ý|10]zko tiše našlapovalo. Vlk. Jenže měl hlavu i tělo V[í/ý|10]tka, osmého člena party.
133;Napravo, nebo nalevo?;Čerstv[í/ý|01] ch[i/y|10]rurg se právě chystal provést operac[i/y|10]. Byl z toho na nerv[i/y|01]. Nerozpoznal totiž lev[i/y|10]ci od prav[i/y|10]ce. Rozechvěl[í/ý|01] lékař se pustil do práce. Spletl si ale prav[í/ý|01] a lev[í/ý|01]bok. Operoval v[í/ý|01]borně, jen na špatné straně. V půl[i/y|10] práce si to uvědom[i/y|10]l. Vyděšeně strnul a pak svůj om[i/y|01]l naprav[i/y|10]l.
134;Horko je nejen u moře;Manželé Svátkovi se těšil[i/y|10] na dovolenou. Průvodci z cestovní kanceláře byl[i/y|10] milí. Všichni cestující nastoupil[i/y|10] do klimatizovaného autobusu. Vydal[i/y|10] se na cestu. Stromy za okénky ubíhal[i/y|01]. Všichni si postupně začal[i/y|10] otírat čelo. V autobuse bylo horko k nežití. Větráky klimatizace se rozbil[i/y|01] již po hodině cesty.
135;Okradení zloději;Jednou dva lapkové sledoval[i/y|10] skupinu turistů. Každý jinou. Neznal[i/y|10] se. Skupiny se vzájemně proplétal[i/y|01]. Oba lapkové si vyhlédl[i/y|10] ve skupině člověka s největšími kapsami. Tak se stalo, že se lapkové okradl[i/y|10] navzájem. Ve svých kapsách našl[i/y|10] potom jen nejčerstvější lup. To bylo, panečku, překvapení.
136;Plameny v kuchyni;Tom s Blankou a jejich kamarádi se dal[i/y|10] do vaření. Plotny na novém sporáku se čistotou leskl[i/y|01]. Tom s Pepou postavil[i/y|10] hrnec na plotnu. Blanka s Jiřinou do něj nalil[i/y|01] olej. Pak přidal[i/y|01] cibuli. Všichni čekal[i/y|10], až se cibule osmaž[í/ý|10]. Najednou z hrnce vyšlehl[i/y|01] plameny. Ukázalo se, že na novou plotnu měl[i/y|10] koupit speciální hrnce.
137;Na pohřbu;Ve [s/z|10]tředu města se [s/z|10]hromažďovaly [s/z|10]hluky lidí. Obličeje se lišily, barva oblečení zůstávala beze [s/z|01]měny. Náměstí jakoby [s/z|01]černalo. Přijeli na pohřeb slavného televizního [s/z|01]pravodaje. |S/Z|01]pěváci začali [s/z|01]pívat. Najednou se ozvalo duté bušení. Přicházelo [s/z|01]dola. Smuteční hosté rychle [s/z|10]trhli víko rakve. Reportér se probudil k životu právě včas.
138;Houby s octem;Mařenka na[s/z|10]bírala houby. Chtěla je [s/z|10]potřebovat, a tak je [s/z|10]vařila s octem. Jeníček jí u toho vyprávěl vtipy. Oba se [s/z|01]mítali smíchy. [S/Z|10]nědli [s/z|10]polečně houby, ale dlouho je nemohli [s/z|10]trávit. Něco se asi [s/z|01]vrtlo. Mařenka i Jeníček [s/z|10]končili v nemocnici. Muchomůrky [s/z|01]krátka nejsou vhodná [s/z|10]trava pro lidi.
139;Proměna z čerta na anděla: přes noc;Zítra se [s/z|01]kouší [s/z|01]pěv. Paní učitelka to [s/z|10]líbila. Třída si totiž musí [s/z|10]pravit reputaci. Včera hodně zlobili a [s/z|10]trkali do sebe. To [s/z|01]působilo hněv paní učitelky a zítřejší [s/z|01]koušení. Žáci se pak [s/z|01]rána [s/z|10]mluvili, že [s/z|10]páchají paní učitelce překvapení. Když učitelka vešla do třídy, [s/z|10]trnula v úžasu. Ze třídy zněl čistý [s/z|10]borový [s/z|01]pěv.