id;vzor;word
1;1;manžel
2;1;anděl
6;1;medvěd
7;1;člověk
8;1;syn
9;1;voják
10;1;student
11;1;host
12;1;občan
13;1;premiér
14;1;pes
15;1;vůl
16;1;bratr
17;1;ministr
18;1;mistr
19;1;inženýr
20;1;doktor
21;1;manažer
22;1;netopýr
23;1;kocour
24;1;vezír
25;1;upír
26;1;dělník
27;1;biolog
28;1;chirurg
29;1;vrah
30;1;hoch
31;1;syn
32;1;bůh
33;1;člověk
34;1;bídník
35;1;holub
36;1;lev
37;1;krokodýl
38;1;osel
39;1;pštros
40;1;jestřáb
41;1;voják
42;1;čáp
43;1;tetřev
44;1;pes
45;1;motýl
46;1;kominík
47;1;režisér
48;1;zdravotník
49;1;delfín
50;1;kamenožrout
51;1;obr
52;1;duch
53;1;smrtelník
54;1;pracovník
55;2;arch
56;2;dar
57;2;dub
58;2;houf
59;2;krok
60;2;ring
61;2;rosol
62;2;rybíz
63;2;sloup
64;2;titul
65;2;úhel
66;2;útes
67;2;živel
68;2;leden
69;2;únor
70;2;duben
71;2;listopad
72;2;říjen
73;2;dnešek
74;2;pondělek
75;2;včerejšek
76;2;domov
77;2;chléb
78;2;kostel
79;2;mlýn
80;2;ostrov
81;2;svět
82;2;venkov
83;2;chléb
84;2;jazyk
85;2;les
86;2;oběd
87;2;večer
88;2;rybník
89;2;zákon
90;2;život
91;2;Mělník
92;2;Lipník
93;2;Příbor
94;2;Zábřeh
95;2;dvůr
96;2;javor
97;2;komín
104;2;chodník
105;2;ples
106;2;sklep
107;2;jez
108;2;hotel
109;2;rok
110;2;případ
111;2;stůl
112;2;čas
113;2;film
114;2;domov
115;2;systém
116;2;rukáv
117;2;vrtulník
118;2;trajekt
119;2;polibek
120;2;stud
121;2;nosník
122;2;výskok
123;2;potlesk
124;2;aplaus
126;2;pohár
127;2;průmysl
128;2;drb
129;2;klub
130;2;spolek
131;3;srnec
132;3;houbař
133;3;cizinec
134;3;rodič
135;3;otec
136;3;lovec
137;3;blbec
138;3;horolezec
139;3;znalec
140;3;chlapec
141;3;nadšenec
142;3;kůň
143;3;král
144;3;lyžař
145;3;přítel
146;3;sběratel
147;3;jezdec
148;3;vítěz
149;3;lékař
150;3;učitel
151;3;krotitel
152;3;malíř
153;3;stavitel
154;3;hasič
155;3;surfař
156;3;sportovec
157;3;princ
158;3;ředitel
183;4;křemenáč
184;4;měsíc
185;4;kříž
186;4;cíl
187;4;oheň
188;4;kašel
189;4;míč
190;4;štětec
192;4;palec
193;4;klíč
195;4;pytel
196;4;korbel
197;4;svízel
198;4;jitrocel
199;4;jetel
200;4;mandel
201;4;šindel
202;4;šťavel
203;4;věrtel
204;4;pantofel
205;4;kašel
206;4;obratel
207;5;rikša
208;5;bača
209;5;maharádža
210;5;nindža
211;5;paša
212;5;Nohavica
213;5;houslista
214;5;husita
215;5;bandita
216;5;kolega
217;5;artista
218;5;starosta
219;5;sluha
220;5;trumeptista
221;5;nemluva
222;5;traktorista
223;5;gymnasta
224;5;kanoista
225;5;fotbalista
226;5;cyklista
227;5;hokejista
228;6;vládce
229;6;zákonodárce
230;6;správce
231;6;rádce
232;6;zrádce
233;6;vůdce
234;6;dárce
235;6;chlebodárce
236;6;zákonodárce
237;6;strážce
238;6;strůjce
239;6;svůdce
240;6;tvůrce
241;6;přímluvce
242;6;poradce
243;6;porotce
244;6;průvodce
245;6;soudce
246;6;vojevůdce
247;6;strojvůdce
248;6;důchodce
249;7;doba
250;7;sklenka
251;7;skupina
252;7;hlava
253;7;ruka
254;7;noha
255;7;květina
256;7;hruška
257;7;liška
258;7;tepna
259;7;doprava
260;7;straka
261;7;klávesa
262;7;láska
263;7;krása
264;7;Afrika
265;7;Evropa
266;7;Amerika
267;7;ryba
268;7;skála
269;7;moucha
270;7;dívka
271;7;žirafa
272;7;strana
273;7;stěna
274;7;perla
275;7;známka
276;7;svíčka
277;7;vosa
278;7;babička
279;7;škola
280;7;mapa
281;7;lopatka
282;7;vidlička
283;7;paleta
284;7;cihla
285;7;miska
286;7;husa
287;7;houba
289;7;střecha
290;8;chvíle
291;8;práce
292;8;židle
293;8;klávesnice
294;8;sukně
295;8;nůše
296;8;tabule
297;8;koule
298;8;ulice
299;8;silnice
300;8;Země
301;8;žákyně
302;8;naděje
303;8;chůze
304;8;jedle
305;8;vesnice
306;8;duše
307;8;borovice
308;8;střelnice
309;8;židle
310;8;chvíle
311;8;čarodějnice
312;8;chůze
313;8;košile
314;8;sazenice
315;8;cibule
316;8;fazole
317;8;ovce
318;8;slepice
319;8;brusle
320;8;mince
321;9;orchidej
322;9;skříň
323;9;koupel
324;9;tramvaj
325;9;jabloň
326;9;pánev
327;9;kázeň
328;9;drůbež
329;9;dlaň
330;9;mrkev
331;9;ředkev
332;9;hůl
333;9;koroptev
334;9;sklizeň
335;9;postel
336;9;hráz
337;9;petržel
338;9;pánev
339;9;mrkev
340;9;broskev
341;9;větev
342;9;stráň
343;9;mez
344;9;lahev
345;9;báseň
346;9;vášeň
347;10;společnost
348;10;věc
349;10;smrt
350;10;rukojeť
351;10;místnost
352;10;pověst
353;10;radost
354;10;část
355;10;starost
356;10;drzost
357;10;bytost
358;9;labuť
359;10;obuv
360;10;směs
361;10;zeď
362;10;bolest
363;10;řeč
364;10;vědomost
365;10;příležitost
366;10;lenost
367;10;žádost
368;10;povinnost
369;10;nezbytnost
370;10;hbitost
371;10;věrnost
372;11;letadlo
373;11;pásmo
374;11;kolo
375;11;víno
376;11;prádlo
377;11;jídlo
378;11;kolo
379;11;okno
380;11;auto
381;11;město
382;11;slunéčko
383;11;jablko
384;11;stádo
385;11;letadlo
386;11;počítadlo
387;11;pravidlo
388;11;prostěradlo
389;11;zavazadlo
390;11;procento
391;11;ucho
392;11;čelo
393;11;koleno
394;11;tričko
395;11;stádo
396;11;pivo
397;11;strašidlo
398;12;hnojiště
399;12;bludiště
400;12;Labe
401;12;pracoviště
402;12;letiště
403;12;nebe
404;12;staveniště
405;12;bojiště
406;12;srdce
407;12;pole
408;12;smetiště
409;12;vřesoviště
410;12;loviště
411;12;slunce
412;12;vejce
413;12;jeviště
414;12;hřiště
415;12;schodiště
416;12;kolejiště
417;12;ohniště
418;12;úložiště
419;12;koupaliště
420;12;paraple
421;12;ovoce
422;13;medvídě
423;13;lvíče
424;13;kotě
425;13;slůně
426;13;dítě
427;13;štěně
428;13;rajče
429;13;ptáče
430;13;koště
431;13;vnouče
432;13;jehně
433;13;kuře
434;13;sele
435;13;hříbě
436;13;mládě
437;13;dvojče
438;13;doupě
439;13;rajče
440;13;kůzle
441;13;batole
442;13;nemluvně
443;13;prase
444;13;klíště
445;13;hrabě
446;13;kníže
447;13;poupě
448;14;zelí
449;14;uhlí
450;14;vyučování
451;14;zdraví
452;14;cukroví
453;14;dříví
454;14;křoví
455;14;nádraží
456;14;znamení
457;14;cvičení
458;14;zábradlí
459;14;náměstí
460;14;vítězství
461;14;stavení
462;14;hedvábí
463;14;údolí
464;14;prostředí
465;14;století
466;14;období
467;14;řízení
468;14;pohoří
469;14;vítězství
470;14;odpuštění
471;14;pokušení
472;15;jedna
473;15;tři
474;15;pět
475;15;deset
476;15;dvacet
477;15;sto
478;15;tisíc
479;15;pětačtyřicet
480;15;třicet sedm
481;15;milion
482;15;miliarda
483;15;dvacet tisíc
484;15;málo
485;15;mnoho
486;15;hodně
487;15;dvaasedmdesát
488;15;třicet šest
489;15;čtyřicet sedm
490;15;dvě pětiny
491;15;jedna třetina
492;15;šest sedmin
493;15;několik
494;15;tolik
495;15;málo
496;15;s málem
497;16;první
498;16;druhý
499;16;třetí
500;16;několikátý
501;16;poprvé
502;16;pátý
503;16;sedmnáctý
504;16;podruhé
505;16;pošesté
506;16;poněkolikáté
507;16;posté
508;16;tolikátý
509;16;sedmý
510;16;několikátý
511;16;mnohý
512;16;prvý
513;16;stý
514;16;druhá
515;16;třicátá sedmá
516;16;tisící
517;16;čtyřicátá
518;16;pátá
519;16;osmé
520;16;patnáctá
521;16;devadesáté
522;16;tolikátá
523;16;osmá
524;16;dvoustý
525;17;dvoje
526;17;troje
527;17;čtvery
528;17;trojí
529;17;patery
530;17;šestery
531;17;tolikery
532;17;sedmery
533;17;několikery
534;17;čtvero
535;17;sedmero
536;17;dvanáctero
537;17;několikero
538;17;patero
539;17;troje
540;17;desatero
541;17;dvojí
542;17;trojí
543;17;několikerý
544;17;devatery
545;17;šesterý
546;17;tolikero
547;17;několikery
548;18;jednou
549;18;dvakrát
550;18;dvojnásobně
551;18;dvakrát tak
552;18;několikrát
553;18;šestkrát
554;18;tolikrát
555;18;mnohokrát
556;18;hodněkrát
557;18;málokrát
558;18;stokrát
559;18;stonásobný
560;18;milionkrát
561;18;šedesátkrát
562;18;čtyřnásobný
563;18;trojnásobný
564;18;dvěstěkrát
565;18;třistakrát
566;18;šestinásobná
567;18;trojnásobná
568;18;jedenkrát
569;18;třikrát
570;18;tiscíkrát
571;18;jedinkrát
572;19;já
573;19;ty
574;19;on
575;19;ona
576;19;ono
577;19;my
578;19;vy
579;19;oni
580;19;ony
581;19;se
582;19;mne
583;19;mě
584;19;mně mi
585;19;mnou
586;19;tebe
587;19;tě
588;19;ti
589;19;ty
590;19;o tobě
591;19;jím
592;19;s ním
593;19;jí
594;19;ní
595;19;o ní
596;19;s ní
598;19;něho
599;19;jej
600;19;něj
601;19;o něm
602;19;jemu
603;19;němu
604;19;mu
605;19;jím
606;19;nás
607;19;vás
608;19;nám
609;19;vám
610;19;o vás
611;19;o nás
612;19;s námi
613;19;s vámi
614;19;jich
615;19;nich
616;19;jim
617;19;nim
618;19;je
619;19;o nich
620;19;s nimi
621;19;jimi
622;19;sebe
623;19;sobě
624;19;si
625;19;o sobě
626;19;s sebou
627;19;mu
628;19;ho
629;19;sebou
630;20;můj
631;20;tvůj
632;20;jeho
633;20;její
634;20;náš
635;20;váš
636;20;jejich
637;20;svůj
638;20;mého
639;20;mému
640;20;o mém
641;20;s mým
642;20;má
643;20;moje
644;20;mojí
645;20;mého
646;20;mé
647;20;s mou
648;20;s mými
649;20;o mých
650;20;mým
651;20;tvá
652;20;tvoje
653;20;tvého
654;20;tvému
655;20;tvojí
656;20;o tvém
657;20;s tvým
658;20;s tvou
659;20;s tvojí
660;20;tvých
661;20;s tvými
662;20;o tvých
663;20;jejího
664;20;s jejím
665;20;o jejím
666;20;jejímu
667;20;jejími
668;20;o jeho
669;20;našeho
670;20;o našem
671;20;s naším
672;20;o naši
673;20;s naším
674;20;našemu
675;20;našim
676;20;našich
677;20;s našimi
678;20;o našich
679;20;vašeho
680;20;vašemu
681;20;vaší
682;20;o vašem
683;20;vaším
684;20;s vaší
685;20;s vaším
686;20;vašim
687;20;vaše
688;20;s vašimi
689;20;o vašich
690;20;svá
691;20;svoje
692;20;své
693;20;svého
694;20;svému
695;20;svou
696;20;svoji
697;20;o své
698;20;o svém
699;20;se svou
700;20;se svojí
701;20;se svým
702;20;svých
703;20;svým
704;20;o svých
705;20;se svými
706;20;tvýma
707;20;mýma
708;20;svýma
709;20;vašima
710;21;ten
711;21;tento
712;21;tenhle
713;21;tamten
714;21;onen
715;21;takový
716;21;onaký
717;21;týž
718;21;tentýž
719;21;sám
720;21;toho
721;21;ta
722;21;to
723;21;té
724;21;tomu
725;21;tu
726;21;o tom
727;21;o té
728;21;s tím
729;21;s tou
730;21;ti
731;21;ty
732;21;ta
733;21;těch
734;21;těm
735;21;o těch
736;21;s těmi
737;21;tento
738;21;tato
739;21;toto
740;21;tomuto
741;21;této
742;21;tohoto
743;21;tuto
744;21;toto
745;21;o tomto
746;21;o této
747;21;touto
748;21;tímto
749;21;tito
750;21;tyto
751;21;tato
752;21;těchto
753;21;těmto
754;21;o těchto
755;21;s těmito
756;21;tenhle
757;21;tahle
758;21;tohle
759;21;o tomhle
760;21;tímhle
761;21;touhle
762;21;tihle
763;21;tyhle
764;21;těchhle
765;21;těmhle
766;21;tahle
767;21;o těchhle
768;21;s těmihle
769;21;onoho
770;21;onomu
771;21;oné
772;21;oním
773;21;oněch
774;21;oněm
775;21;s oněmi
776;21;o oněch
777;21;o těch
778;21;takový
779;21;taková
780;21;takové
781;21;takového
782;21;takovou
783;21;o takových
784;21;s takovými
785;21;takovým
786;21;táž
787;21;tatáž
788;21;totéž
789;21;o témž
790;21;s týmž
791;21;tímtéž
792;21;touž
793;21;o týchž
794;21;s týmiž
795;21;sama
796;21;samo
797;21;samého
798;21;samému
799;21;samé
800;21;o samém
801;21;o samé
802;21;samým
803;21;samou
804;21;o samých
805;21;se samými
806;21;samých
807;21;samy
808;21;sami
809;22;kdo
810;22;co
811;22;jaký
812;22;který
813;22;čí
814;22;koho
815;22;komu
816;22;o kom
817;22;kým
818;22;čeho
819;22;čemu
820;22;o čem
821;22;čím
822;22;která
823;22;které
824;22;kterému
825;22;kterého
826;22;kterou
827;22;kterým
828;22;kteří
829;22;které
830;22;kterých
831;22;kterým
832;22;o kterých
833;22;kterými
834;22;jakého
835;22;jaké
836;22;jakému
837;22;o jakém
838;22;o jaké
839;22;jakou
840;22;jakým
841;22;jací
842;22;jakým
843;22;jaká
844;22;o jakých
845;22;jakými
846;22;čího
847;22;čímu
848;22;o čí
849;22;o čím
850;22;čích
851;22;čími
852;22;kdopak
853;22;copak
854;22;kterýpak
855;22;čípak
856;22;jakýpak
857;22;kdože
858;22;cože
859;22;kterýže
860;22;jakýže
861;22;číže
862;22;kdopak
863;22;kohopak
864;22;komupak
865;22;o kompak
866;22;kýmpak
867;23;kdo
868;23;co
869;23;jaký
870;23;který
871;23;čí
872;23;koho
873;23;komu
874;23;o kom
875;23;kým
876;23;čeho
877;23;čemu
878;23;o čem
879;23;čím
880;23;která
881;23;které
882;23;kterému
883;23;kterého
884;23;kterou
885;23;kterým
886;23;kteří
887;23;které
888;23;kterých
889;23;kterým
890;23;o kterých
891;23;kterými
892;23;jakého
893;23;jaké
894;23;jakému
895;23;o jakém
896;23;o jaké
897;23;jakou
898;23;jakým
899;23;jací
900;23;jakým
901;23;jaká
902;23;o jakých
903;23;jakými
904;23;čího
905;23;čímu
906;23;o čí
907;23;o čím
908;23;čích
909;23;čími
910;23;kdopak
911;23;copak
912;23;kterýpak
913;23;čípak
914;23;jakýpak
915;23;kdože
916;23;cože
917;23;kterýže
918;23;jakýže
919;23;číže
920;23;kdopak
921;23;kohopak
922;23;komupak
923;23;o kompak
924;23;kýmpak
925;23;jenž
926;23;jemuž
927;23;jejž
928;23;jímž
929;23;o němž
930;23;jež
931;23;jíž
932;23;jehož
933;23;jemuž
934;23;o níž
935;23;jíž
936;23;jichž
937;23;o nichž
938;23;jimiž
939;23;jejž
940;23;jejímuž
941;23;jejímž
942;23;jejímiž
943;23;o jejíchž
944;23;o jehož
945;23;kdož
946;23;kohož
947;23;komuž
948;23;o komž
949;23;kýmž
950;23;čehož
951;23;čemuž
952;23;o čemž
953;23;čímž
954;23;kterýmž
955;23;kterýchž
956;23;o kterémž
957;23;kteréž
958;23;kterémuž
959;23;jakýž
960;23;jakéhož
961;23;jakémuž
962;23;o jakémž
963;23;jakýmiž
964;23;o jakýchž
965;23;jakáž
966;23;jakéž
967;24;někdo
968;24;něco
969;24;kdokoli
970;24;cokoli
971;24;kdekdo
972;24;kdosi
973;24;každý
974;24;všechen
975;24;ledakdo
976;24;něčí
977;24;cosi
978;24;kterýsi
979;24;jakýsi
980;24;čísi
981;24;leckdo
982;24;lecco
983;24;leckterý
984;24;kohokoli
985;24;komukoli
986;24;o komkoli
987;24;kýmkoli
988;24;někoho
989;24;někomu
990;24;o někom
991;24;někým
992;24;něčeho
993;24;něčemu
994;24;o něčem
995;24;něčím
996;24;nečího
997;24;nečímu
998;24;něčích
999;24;o něčích
1000;24;něčími
1001;24;některého
1002;24;některému
1003;24;o některé
1004;24;některou
1005;24;některými
1006;24;nějakému
1007;24;o nějakém
1008;24;nějakou
1009;24;o nějakých
1010;24;všeho
1011;24;o vší
1012;24;vším
1013;24;všechno
1014;24;všechna
1015;24;všemi
1016;24;každému
1017;24;o každé
1018;24;každou
1019;24;o každých
1020;25;nikdo
1021;25;nic
1022;25;ničí
1023;25;nijaký
1024;25;žádný
1025;25;nikoho
1026;25;nikomu
1027;25;o nikom
1028;25;nikým
1029;25;ničeho
1030;25;ničemu
1031;25;o ničem
1032;25;ničím
1033;25;nijaký
1034;25;nijakému
1035;25;o nijaké
1036;25;nijakou
1037;25;nijakým
1038;25;o nijakých
1039;25;nijakými
1040;25;ničího
1041;25;o ničím
1042;25;ničí
1043;25;žádného
1044;25;o žádné
1045;25;žádnou
1046;25;o žádných
1047;25;žádnými
1048;25;žádná
1049;26;venku
1050;26;zprava
1051;26;tam
1052;26;nahoře
1053;26;nahoru
1054;26;shora
1055;26;vlevo
1056;26;domů
1057;26;zdaleka
1058;26;tudy
1059;26;sem
1060;26;tady
1061;26;odtud
1062;26;dolů
1063;26;zde
1064;26;ven
1065;26;kolem
1066;26;zvenku
1067;26;doma
1068;26;kudy
1069;26;vzadu
1070;26;kde
1071;26;nikde
1072;26;někde
1073;26;kam
1074;26;někam
1075;26;nikam
1076;26;odkud
1077;26;vpravo
1078;26;doprava
1079;26;nejblíž
1080;26;jinde
1081;26;odjinud
1082;26;zprostředka
1083;27;ráno
1084;27;neustále
1085;27;právě
1086;27;večer
1087;27;dnes
1088;27;zítra
1089;27;teď
1090;27;včera
1091;27;občas
1092;27;odpoledne
1093;27;brzy
1094;27;odjakživa
1095;27;dodnes
1096;27;loni
1097;27;tehdy
1098;27;pozítří
1099;27;věčně
1100;27;kdy
1101;27;někdy
1102;27;nikdy
1103;27;odkdy
1104;27;dokdy
1105;27;dneska
1106;27;minule
1107;27;naposledy
1108;27;příště
1109;27;nejdéle
1110;27;nejdřív
1111;27;dříve
1112;27;nadosmrti
1113;27;chvílemi
1114;27;časem
1115;27;jaktěživ
1116;27;odnepaměti
1117;28;snadno
1118;28;dětsky
1119;28;špatně
1120;28;dobře
1121;28;pomalu
1122;28;tiše
1123;28;nadarmo
1124;28;obratně
1125;28;vesele
1126;28;rychle
1127;28;bezvadně
1128;28;rozumně
1129;28;skromně
1130;28;temně
1131;28;tajemně
1132;28;pilně
1133;28;slušně
1134;28;trapně
1135;28;vtipně
1136;28;odbojně
1137;28;nevědomky
1138;28;pořádně
1139;28;jak
1140;28;lépe
1141;28;hůř
1142;28;zle
1143;29;málo
1144;29;hodně
1145;29;velmi
1146;29;úplně
1147;29;poměrně
1148;29;mnoho
1149;29;trochu
1150;29;malinko
1151;29;moc
1152;29;zcela
1153;29;dost
1154;29;příliš
1155;29;kolik
1156;29;více
1157;29;nejvíc
1158;29;nejméně
1159;29;míň
1160;29;značně
1161;29;částečně
1162;30;úmyslně
1163;30;náhodou
1164;30;proto
1165;30;smíchy
1166;30;vzteky
1167;30;proto
1168;30;neúmyslně
1169;30;naschvál
1170;30;natruc
1171;30;nazlost
1172;30;schválně
1173;30;naschvál
1174;30;úmyslně
1175;30;navzdory
1176;30;nazlost
1177;30;natruc
1178;30;omylem
1179;30;nechtě
1180;30;právem
1181;30;oprávněně
1182;31;růst
1183;31;plést
1184;31;smést
1185;31;vnést
1186;31;snést
1187;31;kvete
1188;31;přede
1189;31;vézt
1190;31;lézt
1191;31;nalézt
1192;31;odnést
1193;31;zamést
1194;31;zarůst
1195;31;rozkvést
1196;31;klást
1197;31;mást
1198;31;pást
1199;31;krást
1200;31;plést
1201;31;mést
1202;31;kvést
1203;31;hníst
1204;31;růst
1205;31;vést
1206;31;číst
1207;32;probrat
1208;32;ustlat
1209;32;sebrat
1210;32;řvát
1211;32;prát
1212;32;přijmout
1213;32;loupat
1214;32;brát
1215;32;cpát
1216;32;rvát
1217;32;žrát
1218;32;stlát
1219;32;pozvat
1220;32;ozvat
1221;32;klepat
1222;32;hrabat
1223;32;zabrat
1224;33;napsat
1225;33;plakat
1226;33;psát
1227;33;navázat
1228;33;přivázat
1229;33;lízat
1230;33;kázat
1231;33;vzkázat
1232;33;vázat
1233;33;obvázat
1234;34;utéci
1235;34;neutéci
1236;34;pomoct
1237;34;svléct
1238;34;obléct
1239;34;vyvléct
1240;34;dotlouct
1241;34;téct
1242;34;protéct
1243;34;odvléct
1244;34;rozmoct
1245;34;upekl
1246;34;vléct
1247;34;téct
1248;34;síct
1249;35;otevřít
1250;35;prostřít
1251;35;odřít
1252;35;uzavřít
1253;35;pozřít
1254;35;přetřít
1255;35;třít
1256;35;zavřít
1257;35;utřít
1258;35;prodřít
1259;35;vytřít
1260;35;mřít
1261;35;dřít
1262;35;zapřít
1263;35;vřít
1264;35;zřít
1265;35;přít se
1266;36;propíchnout
1267;36;odhadnout
1268;36;napnout
1269;36;zapnout
1270;36;zhltnout
1271;36;říci
1272;36;váznout
1273;36;klesat
1274;36;zdvihnout
1275;36;zamítnout
1276;36;usnout
1277;36;utnout
1278;36;ukrást
1279;36;nalézt
1280;36;prchnout
1281;36;všimnout
1282;36;nadchnout
1283;36;táhnout
1284;36;padnout
1285;36;všimnout
1286;36;hnout
1287;36;bouchnout
1288;37;zatnout
1289;37;vanout
1290;37;vinout
1291;37;zapomenout
1292;37;přivanout
1293;37;opomenout
1294;37;vsunout
1295;37;zasunout
1296;37;odsunout
1297;37;zahynout
1298;37;plynout
1299;37;hrnout
1300;37;lnout
1301;38;zůstat
1302;38;zajmout
1303;38;počít
1304;38;začít
1305;38;načít
1306;38;tnout
1307;38;žnout
1308;38;přijmout
1309;38;najmout
1310;38;vyjmout
1311;38;sejmout
1312;38;zajmout
1313;38;odejmout
1314;38;ujmout
1315;38;obejmout
1316;39;krýt
1317;39;bít
1318;39;sbít
1319;39;šít
1320;39;výt
1321;39;lít
1322;39;umýt
1323;39;hrát
1324;39;vypít
1325;39;pít
1326;39;smát se
1327;39;hnít
1328;39;vít
1329;39;dít se
1330;39;plít
1331;39;pít
1332;39;sít
1333;39;žít
1334;39;spět
1335;39;kát se
1336;39;hrát
1337;39;zrát
1338;39;přát
1339;40;zapisovat
1340;40;úkolovat
1341;40;studovat
1342;40;masírovat
1343;40;slibovat
1344;40;milovat
1345;40;vzdalovat
1346;40;plánovat
1347;40;meditovat
1348;40;riskovat
1349;40;pozorovat
1350;40;hubovat
1351;40;nevyhrožovat
1352;40;falšovat
1353;40;centrovat
1354;40;driblovat
1355;40;kombinovat
1356;40;malovat
1357;40;ukazovat
1358;40;umožňovat
1359;40;vysvětlovat
1360;40;pracovat
1361;41;kosit
1362;41;platit
1363;41;nahradit
1364;41;brousit
1365;41;zkazit
1366;41;vozit
1367;41;vyčistit
1368;41;učit
1369;41;umrtvit
1370;41;vařit
1371;41;slíbit
1372;41;připravit
1373;41;sloužit
1374;41;ztratit
1375;41;způsobit
1376;41;opustit
1377;41;krmit
1378;41;posadit se
1379;42;bzučet
1380;42;bručet
1381;42;drnčet
1382;42;ležet
1383;42;hučet
1384;42;smrdět
1385;42;sedět
1386;42;hledět
1387;42;bučet
1388;42;mečet
1389;42;klečet
1390;42;kvičet
1391;42;řinčet
1392;42;vrčet
1393;42;ryčet
1394;42;hřmět
1395;42;dunět
1396;42;kručet
1397;42;syčet
1398;42;slzet
1399;43;rozumět
1400;43;nabízet
1401;43;pouštět
1402;43;kácet
1403;43;vracet se
1404;43;neházet
1405;43;dohlížet
1406;43;střílet
1407;43;házet
1408;43;zarážet
1409;43;provádět
1410;43;předcházet
1411;43;pohlížet
1412;43;potácet se
1413;43;šedivět
1414;43;střílet
1415;43;přednášet
1416;43;porozumět
1417;44;volat
1418;44;povídat
1419;44;padat
1420;44;sundat
1421;44;kuckat
1422;44;toulat
1423;44;vítat
1424;44;podávat
1425;44;dávat
1426;44;chytat
1427;44;přehrávat
1428;44;podnikat
1429;44;mávat
1430;44;čmárat
1431;44;hárat
1432;44;dojídat
1433;44;trvat
1434;45;slon
1435;45;mamut
1436;45;tužka
1437;45;vosa
1438;45;bota
1439;45;kapela
1440;45;repro bedna
1441;45;kolo
1442;45;balkón
1443;45;dub
1444;45;koncert
1445;45;mrkev
1446;45;celer
1447;45;klobouk
1448;45;lev
1449;45;lampa
1450;45;louka
1451;45;pohádka
1452;45;plyn
1453;45;raketa
1454;45;míč
1455;45;židle
1456;45;křeslo
1457;45;stolek
1458;45;měsíc
1459;45;slunce
1460;45;měšec
1461;45;máslo
1462;45;láhev
1463;45;duch
1522;47;jahodě
1523;47;slunci
1524;47;mráčku
1525;47;šatům
1526;47;ke klávesnici
1527;47;střechám
1528;47;rodičům
1529;47;Karlovi
1530;47;studiím
1531;47;bratrovi
1532;47;hradům
1533;47;nůším
1534;47;kvůli duchovi
1535;47;lyžařce
1536;47;regionům
1537;47;hvězdám
1538;47;rukávům
1539;47;nosníkům
1540;47;k synovi
1541;47;jazykům
1542;47;proti škole
1543;47;kvůli záplavám
1544;47;díky Vaškovi
1545;47;vůči tetičce
1546;47;pralesu
1547;47;opicím
1548;47;pilníku
1549;47;odrazům
1550;47;k zemi
1551;47;díky pomoci
1552;46;houslí
1553;46;nosu
1554;46;dítěte
1555;46;dramatu
1556;46;lidí
1557;46;hrnečku
1558;46;bez špejle
1559;46;sporáku
1560;46;svíček
1561;46;vědomostí
1562;46;bez pštrosa
1563;46;sklepa
1564;46;vrtulníku
1565;46;štaflí
1566;46;bez knoflíku
1567;46;z města
1568;46;od lednice
1569;46;prázdnin
1570;46;u babičky
1571;46;okolo Hradce
1572;46;kalhot
1573;46;jablek
1574;46;od mrkve
1575;46;z plastu
1576;46;od medu
1577;46;brýlí
1579;46;u mostu
1580;48;kytaru
1581;48;motýla
1582;48;polévku
1583;48;anténu
1584;48;mašli
1585;48;duhu
1586;48;vejce
1587;48;kšiltovku
1588;48;kopretinu
1589;48;večerku
1590;48;lyžařku
1591;48;mušli
1592;48;krotitelku
1593;48;kolébku
1594;48;vlaštovku
1595;48;skrz zeď
1596;48;pro Ditu
1597;48;pro dárky
1598;48;v Boha
1599;48;po kotníky
1600;48;o čest
1601;48;nade dveře
1602;48;mezi sloupy
1603;48;pro Elišku
1604;48;na pátek
1605;48;na ostrov
1606;48;za vlasy
1607;48;blechu
1608;48;švába
1609;48;berušku
1610;49;Hynku
1611;49;kocoure
1612;49;Viléme
1613;49;srnko
1614;49;kopřivo
1615;49;bratře
1616;49;bratranče
1617;49;babičko
1618;49;dědo
1619;49;hrade
1620;49;živote
1621;49;vrahu
1622;49;klokane
1623;49;vtipálku
1624;49;uličníku
1625;49;maminko
1626;49;paní učitelko
1627;49;pane soudce
1628;49;poslanče
1629;49;prezidente
1630;49;znalče
1631;49;králíku
1632;49;králi
1633;49;princezno
1634;49;kamaráde
1635;49;myší kožíšku
1636;49;bouřko
1637;49;hej mraku
1638;49;krokodýle
1639;49;kojote
1640;49;pumo
1641;50;o princi
1642;50;o zámku
1643;50;v autě
1644;50;po pohádce
1645;50;na kytce
1646;50;ve vlaku
1647;50;po písničce
1648;50;stole
1649;50;mostě
1650;50;dřevě
1651;50;O perníkové chaloupce
1652;50;dramatech
1653;50;schůzkách
1654;50;zámcích
1655;50;lesích
1656;50;starostech
1657;50;životě
1658;50;živlech
1659;50;sprinterkách
1660;50;slečnách
1661;50;kráskách
1662;50;bídnících
1663;50;lokálech
1664;50;obcích
1665;50;holubech
1666;50;na javoru
1667;50;v moři
1668;50;při základní škole
1669;50;mezích
1670;50;systémech
1671;51;letadlem
1672;51;mrožem
1673;51;duhou
1674;51;perem
1675;51;orchestrem
1676;51;kosem
1677;51;něhou
1678;51;povzdechem
1679;51;píšťalkou
1680;51;studiem
1681;51;hradem
1682;51;občanem
1683;51;kolegou
1684;51;svůdníkem
1685;51;větvemi
1686;51;míčem
1687;51;bičem
1688;51;rajčetem
1689;51;údolím
1690;51;obdobím
1691;51;řízením
1692;51;srdcem
1693;51;stádem
1694;51;letadlem
1695;51;bludištěm
1696;51;úterkem
1697;51;perlami
1698;51;městy
1699;51;jelitem
1700;51;kachnami
1701;52;sněhulák
1702;52;pán
1703;52;příživník
1704;52;kostelník
1705;52;kocour
1706;52;krokodýl
1707;52;aligátor
1708;52;ledoborci
1709;52;slaneček
1710;52;pstruh
1711;52;medvěd
1712;52;ředitel
1713;52;předseda
1714;52;kolega
1715;52;pes
1716;52;kačer
1717;52;kohout
1718;52;prodavač
1719;52;soudce
1720;52;kadeřník
1721;52;mládenec
1722;52;hřebec
1723;52;strašák
1724;52;montér
1725;52;kos
1726;52;datel
1727;52;hlemýžď
1728;52;slimák
1729;52;plátce
1730;52;výrobce
1731;52;profesor
1732;52;lektor
1733;52;čtenář
1734;52;spisovatel
1735;52;pytlák
1736;52;správce
1737;52;organizátor
1738;52;ladič
1739;52;zajíc
1740;52;kreslič
1741;52;moderátor
1742;52;páv
1743;52;vědec
1744;52;skunk
1745;52;kozel
1746;52;býk
1747;52;hýkal
1748;52;duch
1749;52;hrobník
1750;52;horník
1751;52;klokan
1752;52;krocan
1753;52;uzenáči
1754;52;rodiče
1755;52;mikrobi
1756;52;bacili
1757;52;koníčci
1758;52;veteráni
1759;52;velikáni
1760;52;obři
1761;52;elf
1762;52;mužíček
1763;52;průvodce
1764;52;plaz
1765;53;vůz
1766;53;korál
1767;53;strom
1768;53;splav
1769;53;aplaus
1770;53;potlesk
1771;53;pruh
1772;53;karfiol
1773;53;dni
1774;53;dny
1775;53;uzenáče
1776;53;bacily
1777;53;kus
1778;53;tác
1779;53;kec
1780;53;blok
1781;53;mikroby
1782;53;ledoborce
1783;53;pařez
1784;53;brambor
1785;53;žaludek
1786;53;podbradek
1787;53;nos
1788;53;krk
1789;53;stojan
1790;53;sloup
1791;53;zámek
1792;53;parostroj
1793;53;cíl
1794;53;hrb
1795;53;jíl
1796;53;polštář
1797;53;hřebík
1798;53;šafrán
1799;53;ocún
1800;53;žebřík
1801;53;list
1802;53;sníh
1803;53;mrak
1804;53;zrak
1805;53;vrak
1806;53;prak
1807;53;krok
1808;53;rok
1809;53;skok
1810;53;dřep
1811;53;lep
1812;53;srp
1813;53;krb
1814;53;drb
1815;53;futrál
1816;53;počítač
1817;53;mobil
1818;53;telefon
1819;53;pohár
1820;53;boj
1821;53;cep
1822;53;cedník
1823;53;odtok
1824;53;tok
1825;53;potok
1826;53;průsmyk
1827;53;štěrk
1828;53;obličej
1829;53;rákos
1830;53;sok
1831;53;lok
1832;53;mok
1833;53;roztoč
1834;53;vir
1835;53;sýr
1836;53;tuk
1837;53;hokej
1838;53;sport
1839;53;fotbal
1840;53;roztok
1841;53;budík
1842;53;závěs
1843;53;přívěs
1844;53;žlab
1845;53;věk
1846;53;příběh
1847;53;drát
1848;53;buben
1849;53;kolík
1850;53;struník
1851;53;les
1852;53;dech
1853;53;řev
1854;53;sluha
1855;53;obřad
1856;53;rituál
1857;53;líc
1858;53;rub
1859;53;protiklad
1860;53;zánět
1861;53;podfuk
1862;53;lišejník
1863;54;láhev
1864;54;koloběžka
1865;54;sudlice
1866;54;sklenice
1867;54;ponožka
1868;54;žena
1869;54;dívka
1870;54;podkolenka
1871;54;Břeclav
1872;54;polévka
1873;54;vůně
1874;54;žízeň
1875;54;lžíce
1876;54;brambora
1877;54;koliba
1878;54;řeka
1879;54;stuha
1880;54;strouha
1881;54;fena
1882;54;kočka
1883;54;sešívačka
1884;54;matka
1885;54;žehlička
1886;54;polička
1887;54;síň
1888;54;saň
1889;54;tvář
1890;54;svačina
1891;54;magnolie
1892;54;bledule
1893;54;sukně
1894;54;halena
1895;54;polednice
1896;54;trubka
1897;54;kytara
1898;54;hudba
1899;54;nota
1900;54;sklizeň
1901;54;sláma
1902;54;kukuřice
1903;54;báje
1904;54;pověst
1905;54;linka
1906;54;koule
1907;54;mrkev
1908;54;zpovědnice
1909;54;Bible
1910;54;svíčka
1911;54;atmosféra
1912;54;lilie
1913;54;růže
1914;54;vichřice
1915;54;dálnice
1916;54;silnice
1917;54;palice
1918;54;vesna
1919;54;látka
1920;54;tkanina
1921;54;naplavenina
1922;54;vůle
1923;54;míle
1924;54;píle
1925;54;vačice
1926;54;pokladnice
1927;54;píseň
1928;54;tíseň
1929;54;kost
1930;54;plíseň
1931;54;cholera
1932;54;chřipka
1933;54;nenávist
1934;54;závist
1935;54;bolest
1936;54;piha
1937;54;bachyně
1938;54;srna
1939;54;sleva
1940;54;duha
1941;54;tuha
1942;54;vloha
1943;54;sojka
1944;54;puška
1945;54;vyrážka
1946;54;omítka
1947;54;rohož
1948;54;pec
1949;54;píce
1950;54;rokle
1951;54;líce
1952;54;hruška
1953;54;kuše
1954;54;krajka
1955;55;páže
1956;55;kotě
1957;55;mládě
1958;55;kolo
1959;55;molo
1960;55;pólo
1961;55;sólo
1962;55;moře
1963;55;kuře
1964;55;vejce
1965;55;máslo
1966;55;políbení
1967;55;trávení
1968;55;prostěradlo
1969;55;jídlo
1970;55;mýdlo
1971;55;sídlo
1972;55;pádlo
1973;55;jádro
1974;55;povětří
1975;55;větvoví
1976;55;soukolí
1977;55;lůno
1978;55;poleno
1979;55;rameno
1980;55;koleno
1981;55;léčení
1982;55;obinadlo
1983;55;obydlí
1984;55;ostružiní
1985;55;podhoubí
1986;55;prádlo
1987;55;sádlo
1988;55;madlo
1989;55;počasí
1990;55;trápení
1991;55;válení
1992;55;lišče
1993;55;slůně
1994;55;obilí
1995;55;býlí
1996;55;koření
1997;55;jehně
1998;55;vlče
1999;55;tlačítko
2000;55;razítko
2001;55;obecenstvo
2002;55;publikum
2003;55;rádio
2004;55;topení
2005;55;lupení
2006;55;rydlo
2007;55;výročí
2008;55;sele
2009;55;tele
2010;55;osle
2011;55;topůrko
2012;55;euro
2013;55;rozcestí
2014;55;přání
2015;55;tání
2016;55;strniště
2017;55;rumiště
2018;55;poupě
2019;55;pero
2020;55;švihadlo
2021;55;stavidlo
2022;55;odpoledne
2023;55;dopoledne
2024;55;jehličí
2025;55;štěně
2026;55;koště
2027;55;hřiště
2028;55;koupaliště
2029;55;mraveniště
2030;55;cvičiště
2031;55;citoslovce
2032;55;doupě
2033;55;křídlo
2034;55;učení
2035;55;křesadlo
2036;55;vyšívání
2037;55;pravidlo
2038;55;kormidlo
2039;55;medvídě
2040;55;ohniště
2041;55;ukazovátko
2042;55;párátko
2043;55;house
2044;55;zpívání
2045;55;pole
2046;55;role
2047;55;povříslo
2048;56;manžel
2049;56;anděl
2050;56;rorýs
2051;56;markýz
2052;56;dřevokaz
2053;56;medvěd
2054;56;člověk
2055;56;syn
2056;56;voják
2057;56;student
2058;56;host
2059;56;občan
2060;56;premiér
2061;56;pes
2062;56;vůl
2063;56;bratr
2064;56;ministr
2065;56;mistr
2066;56;inženýr
2067;56;doktor
2068;56;manažer
2069;56;netopýr
2070;56;kocour
2071;56;vezír
2072;56;upír
2073;56;dělník
2074;56;biolog
2075;56;chirurg
2076;56;vrah
2077;56;hoch
2078;56;syn
2079;56;bůh
2080;56;člověk
2081;56;bídník
2082;56;holub
2083;56;lev
2084;56;krokodýl
2085;56;osel
2086;56;pštros
2087;56;jestřáb
2088;56;voják
2089;56;čáp
2090;56;tetřev
2091;56;pes
2092;56;motýl
2093;56;kominík
2094;56;režisér
2095;56;zdravotník
2096;56;delfín
2097;56;kamenožrout
2098;56;obr
2099;56;duch
2100;56;smrtelník
2101;56;pracovník
2102;56;archa
2103;56;dar
2104;56;dub
2105;56;houf
2106;56;krok
2107;56;ring
2108;56;rosol
2109;56;rybíz
2110;56;sloup
2111;56;titul
2112;56;úhel
2113;56;útes
2114;56;živel
2115;56;leden
2116;56;únor
2117;56;duben
2118;56;listopad
2119;56;říjen
2120;56;dnešek
2121;56;pondělek
2122;56;včerejšek
2123;56;domov
2124;56;chléb
2125;56;kostel
2126;56;mlýn
2127;56;ostrov
2128;56;svět
2129;56;venkov
2130;56;chléb
2131;56;jazyk
2132;56;les
2133;56;oběd
2134;56;večer
2135;56;rybník
2136;56;zákon
2137;56;život
2138;56;Mělník
2139;56;Lipník
2140;56;Příbor
2141;56;Zábřeh
2142;56;dvůr
2143;56;javor
2144;56;komín
2145;56;popel
2146;56;plevel
2147;56;rubl
2148;56;tmel
2149;56;uhel
2150;56;chmel
2151;56;chodník
2152;56;ples
2153;56;sklep
2154;56;jez
2155;56;hotel
2156;56;rok
2157;56;případ
2158;56;stůl
2159;56;čas
2160;56;film
2161;56;domov
2162;56;systém
2163;56;rukáv
2164;56;vrtulník
2165;56;trajekt
2166;56;polibek
2167;56;stud
2168;56;nosník
2169;56;výskok
2170;56;potlesk
2171;56;aplaus
2173;56;pohár
2174;56;průmysl
2175;56;drb
2176;56;klub
2177;56;spolek
2178;56;srnec
2179;56;houbař
2180;56;cizinec
2181;56;rodič
2182;56;otec
2183;56;lovec
2184;56;blbec
2185;56;horolezec
2186;56;znalec
2187;56;chlapec
2188;56;nadšenec
2189;56;kůň
2190;56;král
2191;56;lyžař
2192;56;přítel
2193;56;sběratel
2194;56;jezdec
2195;56;vítěz
2196;56;lékař
2197;56;učitel
2198;56;krotitel
2199;56;malíř
2200;56;stavitel
2201;56;hasič
2202;56;surfař
2203;56;sportovec
2204;56;princ
2205;56;ředitel
2206;56;křemenáč
2207;56;měsíc
2208;56;kříž
2209;56;cíl
2210;56;oheň
2211;56;kašel
2212;56;míč
2213;56;štětec
2214;56;jetel
2215;56;palec
2216;56;klíč
2217;56;kotel
2218;56;pytel
2219;56;korbel
2220;56;svízel
2221;56;jitrocel
2222;56;jetel
2223;56;mandel
2224;56;šindel
2225;56;šťavel
2226;56;věrtel
2227;56;pantofel
2228;56;kašel
2229;56;obratel
2230;56;rikša
2231;56;bača
2232;56;maharádža
2233;56;nindža
2234;56;paša
2235;56;Nohavica
2236;56;houslista
2237;56;husita
2238;56;bandita
2239;56;kolega
2240;56;artista
2241;56;starosta
2242;56;sluha
2243;56;trumpetista
2244;56;nemluva
2245;56;traktorista
2246;56;gymnasta
2247;56;kanoista
2248;56;fotbalista
2249;56;cyklista
2250;56;hokejista
2251;56;vládce
2252;56;zákonodárce
2253;56;správce
2254;56;rádce
2255;56;zrádce
2256;56;vůdce
2257;56;dárce
2258;56;chlebodárce
2259;56;zákonodárce
2260;56;strážce
2261;56;strůjce
2262;56;svůdce
2263;56;tvůrce
2264;56;přímluvce
2265;56;poradce
2266;56;porotce
2267;56;průvodce
2268;56;soudce
2269;56;vojevůdce
2270;56;strojvůdce
2271;56;důchodce
2272;56;doba
2273;56;sklenka
2274;56;skupina
2275;56;hlava
2276;56;ruka
2277;56;noha
2278;56;květina
2279;56;hruška
2280;56;liška
2281;56;tepna
2282;56;doprava
2283;56;straka
2284;56;klávesa
2285;56;láska
2286;56;krása
2287;56;Afrika
2288;56;Evropa
2289;56;Amerika
2290;56;ryba
2291;56;skála
2292;56;moucha
2293;56;dívka
2294;56;žirafa
2295;56;strana
2296;56;stěna
2297;56;perla
2298;56;známka
2299;56;svíčka
2300;56;vosa
2301;56;babička
2302;56;škola
2303;56;mapa
2304;56;lopatka
2305;56;vidlička
2306;56;paleta
2307;56;cihla
2308;56;miska
2309;56;husa
2310;56;houba
2311;56;jahoda
2312;56;střecha
2313;56;chvíle
2314;56;práce
2315;56;židle
2316;56;klávesnice
2317;56;sukně
2318;56;nůše
2319;56;tabule
2320;56;koule
2321;56;ulice
2322;56;silnice
2323;56;Země
2324;56;žákyně
2325;56;naděje
2326;56;chůze
2327;56;jedle
2328;56;vesnice
2329;56;duše
2330;56;borovice
2331;56;střelnice
2332;56;židle
2333;56;chvíle
2334;56;čarodějnice
2335;56;chůze
2336;56;košile
2337;56;sazenice
2338;56;cibule
2339;56;fazole
2340;56;ovce
2341;56;slepice
2342;56;brusle
2343;56;mince
2344;56;orchidej
2345;56;skříň
2346;56;koupel
2347;56;tramvaj
2348;56;jabloň
2349;56;pánev
2350;56;kázeň
2351;56;drůbež
2352;56;dlaň
2353;56;mrkev
2354;56;ředkev
2355;56;hůl
2356;56;koroptev
2357;56;sklizeň
2358;56;postel
2359;56;hráz
2360;56;petržel
2361;56;pánev
2362;56;mrkev
2363;56;broskev
2364;56;větev
2365;56;stráň
2366;56;mez
2367;56;lahev
2368;56;báseň
2369;56;vášeň
2370;56;společnost
2371;56;věc
2372;56;smrt
2373;56;rukojeť
2374;56;místnost
2375;56;pověst
2376;56;radost
2377;56;část
2378;56;starost
2379;56;drzost
2380;56;bytost
2381;56;labuť
2382;56;obuv
2383;56;směs
2384;56;zeď
2385;56;bolest
2386;56;řeč
2387;56;vědomost
2388;56;příležitost
2389;56;lenost
2390;56;žádost
2391;56;povinnost
2392;56;nezbytnost
2393;56;hbitost
2394;56;věrnost
2395;56;letadlo
2396;56;pásmo
2397;56;kolo
2398;56;víno
2399;56;prádlo
2400;56;jídlo
2401;56;kolo
2402;56;okno
2403;56;auto
2404;56;město
2405;56;slunéčko
2406;56;jablko
2407;56;stádo
2408;56;letadlo
2409;56;počítadlo
2410;56;pravidlo
2411;56;prostěradlo
2412;56;zavazadlo
2413;56;procento
2414;56;ucho
2415;56;čelo
2416;56;koleno
2417;56;tričko
2418;56;stádo
2419;56;pivo
2420;56;strašidlo
2421;56;hnojiště
2422;56;bludiště
2423;56;Labe
2424;56;pracoviště
2425;56;letiště
2426;56;nebe
2427;56;staveniště
2428;56;bojiště
2429;56;srdce
2430;56;pole
2431;56;smetiště
2432;56;vřesoviště
2433;56;loviště
2434;56;slunce
2435;56;vejce
2436;56;jeviště
2437;56;hřiště
2438;56;schodiště
2439;56;kolejiště
2440;56;ohniště
2441;56;úložiště
2442;56;koupaliště
2443;56;paraple
2444;56;ovoce
2445;56;medvídě
2446;56;lvíče
2447;56;kotě
2448;56;slůně
2449;56;dítě
2450;56;štěně
2451;56;rajče
2452;56;ptáče
2453;56;koště
2454;56;vnouče
2455;56;jehně
2456;56;kuře
2457;56;sele
2458;56;hříbě
2459;56;mládě
2460;56;dvojče
2461;56;doupě
2462;56;rajče
2463;56;kůzle
2464;56;batole
2465;56;nemluvně
2466;56;prase
2467;56;klíště
2468;56;hrabě
2469;56;kníže
2470;56;poupě
2471;56;zelí
2472;56;uhlí
2473;56;vyučování
2474;56;zdraví
2475;56;cukroví
2476;56;dříví
2477;56;křoví
2478;56;nádraží
2479;56;znamení
2480;56;cvičení
2481;56;zábradlí
2482;56;náměstí
2483;56;vítězství
2484;56;stavení
2485;56;hedvábí
2486;56;údolí
2487;56;prostředí
2488;56;století
2489;56;období
2490;56;řízení
2491;56;pohoří
2492;56;vítězství
2493;56;odpuštění
2494;56;pokušení
2495;57;mladý
2496;57;starý
2497;57;nudný
2498;57;malá
2499;57;obrovské
2500;57;smutní
2501;57;veselá
2502;57;mrtvý
2503;57;živé
2504;57;bolestivý
2505;57;klidné
2506;57;tekutá
2507;57;plný
2508;57;plynný
2509;57;svérázná
2510;57;tvrdohlavý
2511;57;ošklivé
2512;57;zelený
2513;57;červené
2514;57;černý
2515;57;chlupaté
2516;57;chundelatý
2517;57;zrzavý
2518;57;rezavé
2519;57;klopýtavá
2520;57;skočný
2521;57;dřevěný
2522;57;kovová
2523;57;slizký
2524;57;telecí
2525;57;kůzlečí
2526;57;jarní
2527;57;pštrosí
2528;57;matčino
2529;57;Kubovo
2530;57;Tomášova
2531;57;sousedčin
2532;57;zloduchův
2533;57;magnetický
2534;57;oslí
2535;57;strmý
2536;57;kolmá
2537;57;hovězí
2538;57;jazykový
2539;57;podlé
2540;57;umdlívající
2541;57;couvající
2542;57;rákosový
2543;57;jelení
2544;57;kuní
2545;57;ostrá
2546;57;latinské
2547;57;starobylé
2548;57;zákonodárný
2549;57;odborná
2550;57;Popelčin
2551;57;běžící
2552;57;hasicí
2553;57;rosný
2554;57;žížalkovitá
2555;57;oválné
2556;57;reflexní
2557;57;předložený
2558;57;píďalkovitý
2559;57;srdčitá
2560;57;smrduté
2561;57;plastový
2562;57;králičí
2563;57;hedvábná
2564;57;popelavý
2565;57;netrpělivý
2566;57;gulášová
2567;57;pozorující
2568;57;pozorovatelský
2569;57;myslící
2570;57;kalendářní
2571;57;egoistické
2572;57;psí
2573;57;mývalí
2574;57;sloní
2575;57;vaječná
2576;57;molitanový
2577;57;natvrdlá
2578;57;dužnatý
2579;57;rourkovitá
2580;57;spletitý
2581;57;lesní
2582;57;luční
2583;57;polní
2584;57;srdečný
2585;57;polovičatá
2586;57;sedící
2587;57;výběrová
2588;57;okousaný
2589;57;Liduščin
2590;57;kocourova
2591;57;vyjevená
2592;57;Supermanův
2593;58;já
2594;58;ty
2595;58;on
2596;58;ona
2597;58;ono
2598;58;my
2599;58;vy
2600;58;oni
2601;58;ony
2602;58;se
2603;58;mne
2604;58;mě
2605;58;mně mi
2606;58;mnou
2607;58;tebe
2608;58;tě
2609;58;ti
2610;58;ty
2611;58;o tobě
2612;58;jím
2613;58;s ním
2614;58;jí
2615;58;ní
2616;58;o ní
2617;58;s ní
2618;58;jeho
2619;58;něho
2620;58;jej
2621;58;něj
2622;58;o něm
2623;58;jemu
2624;58;němu
2625;58;mu
2626;58;jím
2627;58;nás
2628;58;vás
2629;58;nám
2630;58;vám
2631;58;o vás
2632;58;o nás
2633;58;s námi
2634;58;s vámi
2635;58;jich
2636;58;nich
2637;58;jim
2638;58;nim
2639;58;je
2640;58;o nich
2641;58;s nimi
2642;58;jimi
2643;58;sebe
2644;58;sobě
2645;58;si
2646;58;o sobě
2647;58;s sebou
2648;58;mu
2649;58;ho
2650;58;sebou
2651;58;můj
2652;58;tvůj
2653;58;jeho
2654;58;její
2655;58;náš
2656;58;váš
2657;58;jejich
2658;58;svůj
2659;58;mého
2660;58;mému
2661;58;o mém
2662;58;s mým
2663;58;má
2664;58;moje
2665;58;mojí
2666;58;mého
2667;58;mé
2668;58;s mou
2669;58;s mými
2670;58;o mých
2671;58;mým
2672;58;tvá
2673;58;tvoje
2674;58;tvého
2675;58;tvému
2676;58;tvojí
2677;58;o tvém
2678;58;s tvým
2679;58;s tvou
2680;58;s tvojí
2681;58;tvých
2682;58;s tvými
2683;58;o tvých
2684;58;jejího
2685;58;s jejím
2686;58;o jejím
2687;58;jejímu
2688;58;jejími
2689;58;o jeho
2690;58;našeho
2691;58;o našem
2692;58;s naším
2693;58;o naši
2694;58;s naším
2695;58;našemu
2696;58;našim
2697;58;našich
2698;58;s našimi
2699;58;o našich
2700;58;vašeho
2701;58;vašemu
2702;58;vaší
2703;58;o vašem
2704;58;vaším
2705;58;s vaší
2706;58;s vaším
2707;58;vašim
2708;58;vaše
2709;58;s vašimi
2710;58;o vašich
2711;58;svá
2712;58;svoje
2713;58;své
2714;58;svého
2715;58;svému
2716;58;svou
2717;58;svoji
2718;58;o své
2719;58;o svém
2720;58;se svou
2721;58;se svojí
2722;58;se svým
2723;58;svých
2724;58;svým
2725;58;o svých
2726;58;se svými
2727;58;tvýma
2728;58;mýma
2729;58;svýma
2730;58;vašima
2731;58;ten
2732;58;tento
2733;58;tenhle
2734;58;tamten
2735;58;onen
2736;58;takový
2737;58;onaký
2738;58;týž
2739;58;tentýž
2740;58;sám
2741;58;toho
2742;58;ta
2743;58;to
2744;58;té
2745;58;tomu
2746;58;tu
2747;58;o tom
2748;58;o té
2749;58;s tím
2750;58;s tou
2751;58;ti
2752;58;ty
2753;58;ta
2754;58;těch
2755;58;těm
2756;58;o těch
2757;58;s těmi
2758;58;tento
2759;58;tato
2760;58;toto
2761;58;tomuto
2762;58;této
2763;58;tohoto
2764;58;tuto
2765;58;toto
2766;58;o tomto
2767;58;o této
2768;58;touto
2769;58;tímto
2770;58;tito
2771;58;tyto
2772;58;tato
2773;58;těchto
2774;58;těmto
2775;58;o těchto
2776;58;s těmito
2777;58;tenhle
2778;58;tahle
2779;58;tohle
2780;58;o tomhle
2781;58;tímhle
2782;58;touhle
2783;58;tihle
2784;58;tyhle
2785;58;těchhle
2786;58;těmhle
2787;58;tahle
2788;58;o těchhle
2789;58;s těmihle
2790;58;onoho
2791;58;onomu
2792;58;oné
2793;58;oním
2794;58;oněch
2795;58;oněm
2796;58;s oněmi
2797;58;o oněch
2798;58;o těch
2799;58;takový
2800;58;taková
2801;58;takové
2802;58;takového
2803;58;takovou
2804;58;o takových
2805;58;s takovými
2806;58;takovým
2807;58;táž
2808;58;tatáž
2809;58;totéž
2810;58;o témž
2811;58;s týmž
2812;58;tímtéž
2813;58;touž
2814;58;o týchž
2815;58;s týmiž
2816;58;sama
2817;58;samo
2818;58;samého
2819;58;samému
2820;58;samé
2821;58;o samém
2822;58;o samé
2823;58;samým
2824;58;samou
2825;58;o samých
2826;58;se samými
2827;58;samých
2828;58;samy
2829;58;sami
2830;58;kdo
2831;58;co
2832;58;jaký
2833;58;který
2834;58;čí
2835;58;koho
2836;58;komu
2837;58;o kom
2838;58;kým
2839;58;čeho
2840;58;čemu
2841;58;o čem
2842;58;čím
2843;58;která
2844;58;které
2845;58;kterému
2846;58;kterého
2847;58;kterou
2848;58;kterým
2849;58;kteří
2850;58;které
2851;58;kterých
2852;58;kterým
2853;58;o kterých
2854;58;kterými
2855;58;jakého
2856;58;jaké
2857;58;jakému
2858;58;o jakém
2859;58;o jaké
2860;58;jakou
2861;58;jakým
2862;58;jací
2863;58;jakým
2864;58;jaká
2865;58;o jakých
2866;58;jakými
2867;58;čího
2868;58;čímu
2869;58;o čí
2870;58;o čím
2871;58;čích
2872;58;čími
2873;58;kdopak
2874;58;copak
2875;58;kterýpak
2876;58;čípak
2877;58;jakýpak
2878;58;kdože
2879;58;cože
2880;58;kterýže
2881;58;jakýže
2882;58;číže
2883;58;kdopak
2884;58;kohopak
2885;58;komupak
2886;58;o kompak
2887;58;kýmpak
2888;58;jenž
2889;58;jemuž
2890;58;jejž
2891;58;jímž
2892;58;o němž
2893;58;jež
2894;58;jíž
2895;58;jehož
2896;58;jemuž
2897;58;o níž
2898;58;s jíž
2899;58;jichž
2900;58;o nichž
2901;58;jimiž
2902;58;jejž
2903;58;jejímuž
2904;58;jejímž
2905;58;jejímiž
2906;58;o jejíchž
2907;58;o jehož
2908;58;kdož
2909;58;kohož
2910;58;komuž
2911;58;o komž
2912;58;kýmž
2913;58;čehož
2914;58;čemuž
2915;58;o čemž
2916;58;čímž
2917;58;kterýmž
2918;58;kterýchž
2919;58;o kterémž
2920;58;kteréž
2921;58;kterémuž
2922;58;jakýž
2923;58;jakéhož
2924;58;jakémuž
2925;58;o jakémž
2926;58;jakýmiž
2927;58;o jakýchž
2928;58;jakáž
2929;58;jakéž
2930;58;někdo
2931;58;něco
2932;58;kdokoli
2933;58;cokoli
2934;58;kdekdo
2935;58;kdosi
2936;58;každý
2937;58;všechen
2938;58;ledakdo
2939;58;něčí
2940;58;cosi
2941;58;kterýsi
2942;58;jakýsi
2943;58;čísi
2944;58;leckdo
2945;58;lecco
2946;58;leckterý
2947;58;kohokoli
2948;58;komukoli
2949;58;o komkoli
2950;58;kýmkoli
2951;58;někoho
2952;58;někomu
2953;58;o někom
2954;58;někým
2955;58;něčeho
2956;58;něčemu
2957;58;o něčem
2958;58;něčím
2959;58;něčího
2960;58;něčímu
2961;58;něčích
2962;58;o něčích
2963;58;něčími
2964;58;některého
2965;58;některému
2966;58;o některé
2967;58;některou
2968;58;některými
2969;58;nějakému
2970;58;o nějakém
2971;58;nějakou
2972;58;o nějakých
2973;58;všeho
2974;58;o vší
2975;58;vším
2976;58;všechno
2977;58;všechna
2978;58;všemi
2979;58;každému
2980;58;o každé
2981;58;každou
2982;58;o každých
2983;58;nikdo
2984;58;nic
2985;58;ničí
2986;58;nijaký
2987;58;žádný
2988;58;nikoho
2989;58;nikomu
2990;58;o nikom
2991;58;nikým
2992;58;ničeho
2993;58;ničemu
2994;58;o ničem
2995;58;ničím
2996;58;nijaký
2997;58;nijakému
2998;58;o nijaké
2999;58;nijakou
3000;58;nijakým
3001;58;o nijakých
3002;58;nijakými
3003;58;ničího
3004;58;o ničím
3005;58;ničí
3006;58;žádného
3007;58;o žádné
3008;58;žádnou
3009;58;o žádných
3010;58;žádnými
3011;58;žádná
3012;59;jedna
3013;59;tři
3014;59;pět
3015;59;deset
3016;59;dvacet
3017;59;sto
3018;59;tisíc
3019;59;pětačtyřicet
3020;59;třicet sedm
3021;59;milion
3022;59;miliarda
3023;59;dvacet tisíc
3024;59;málo
3025;59;mnoho
3026;59;hodně
3027;59;dvaasedmdesát
3028;59;třicet šest
3029;59;čtyřicet sedm
3030;59;dvě pětiny
3031;59;jedna třetina
3032;59;šest sedmin
3033;59;několik
3034;59;tolik
3035;59;málo
3036;59;s málem
3037;59;první
3038;59;druhý
3039;59;třetí
3040;59;několikátý
3041;59;poprvé
3042;59;pátý
3043;59;sedmnáctý
3044;59;podruhé
3045;59;pošesté
3046;59;poněkolikáté
3047;59;posté
3048;59;tolikátý
3049;59;sedmý
3050;59;několikátý
3051;59;mnohý
3052;59;prvý
3053;59;stý
3054;59;druhá
3055;59;třicátá sedmá
3056;59;tisící
3057;59;čtyřicátá
3058;59;pátá
3059;59;osmé
3060;59;patnáctá
3061;59;devadesáté
3062;59;tolikátá
3063;59;osmá
3064;59;dvoustý
3065;59;dvoje
3066;59;troje
3067;59;čtvery
3068;59;trojí
3069;59;patery
3070;59;šestery
3071;59;tolikery
3072;59;sedmery
3073;59;několikery
3074;59;čtvero
3075;59;sedmero
3076;59;dvanáctero
3077;59;několikero
3078;59;patero
3079;59;troje
3080;59;desatero
3081;59;dvojí
3082;59;několikerý
3083;59;devatery
3084;59;šesterý
3085;59;tolikero
3086;59;mnoho
3087;59;dvě stě třicet dva
3088;59;několik
3089;59;kolikery
3090;59;šestadvacátá
3091;59;jednou
3092;59;dvakrát
3093;59;dvojnásobně
3094;59;dvakrát tak
3095;59;několikrát
3096;59;šestkrát
3097;59;tolikrát
3098;59;mnohokrát
3099;59;hodněkrát
3100;59;málokrát
3101;59;stokrát
3102;59;stonásobný
3103;59;milionkrát
3104;59;šedesátkrát
3105;59;čtyřnásobný
3106;59;trojnásobný
3107;59;dvěstěkrát
3108;59;třistakrát
3109;59;šestinásobná
3110;59;trojnásobná
3111;59;jedenkrát
3112;59;třikrát
3113;59;tisíckrát
3114;59;jedinkrát
3115;59;několikanásobný
3116;59;po dvou
3117;59;obojí
3118;59;oboje
3119;59;oba
3120;59;sedm osmin
3121;60;růst
3122;60;plést
3123;60;smést
3124;60;vnést
3125;60;snést
3126;60;kvete
3127;60;přede
3128;60;vézt
3129;60;lézt
3130;60;nalézt
3131;60;odnést
3132;60;zamést
3133;60;zarůst
3134;60;rozkvést
3135;60;klást
3136;60;mást
3137;60;pást
3138;60;krást
3139;60;plést
3140;60;mést
3141;60;kvést
3142;60;hníst
3143;60;růst
3144;60;vést
3145;60;číst
probrat
3146;60;ustlat
3147;60;sebrat
3148;60;řvát
3149;60;prát
3150;60;přijmout
3151;60;loupat
3152;60;brát
3153;60;cpát
3154;60;rvát
3155;60;žrát
3156;60;stlát
3157;60;pozvat
3158;60;ozvat
3159;60;klepat
3160;60;hrabat
3161;60;zabrat
3162;60;napsat
3163;60;plakat
3164;60;psát
3165;60;navázat
3166;60;přivázat
3167;60;lízat
3168;60;kázat
3169;60;vzkázat
3170;60;vázat
3171;60;obvázat
3172;60;utéci
3173;60;neutéci
3174;60;pomoct
3175;60;svléct
3176;60;obléct
3177;60;vyvléct
3178;60;dotlouct
3179;60;téct
3180;60;protéct
3181;60;odvléct
3182;60;rozmoct
3183;60;upekl
3184;60;vléct
3185;60;téct
3186;60;síct
3187;60;otevřít
3188;60;prostřít
3189;60;odřít
3190;60;uzavřít
3191;60;pozřít
3192;60;přetřít
3193;60;třít
3194;60;zavřít
3195;60;utřít
3196;60;prodřít
3197;60;vytřít
3198;60;mřít
3199;60;dřít
3200;60;zapřít
3201;60;vřít
3202;60;zřít
3203;60;přít se
3204;60;propíchnout
3205;60;odhadnout
3206;60;napnout
3207;60;zapnout
3208;60;zhltnout
3209;60;říci
3210;60;váznout
3211;60;klesat
3212;60;zdvihnout
3213;60;zamítnout
3214;60;usnout
3215;60;utnout
3216;60;ukrást
3217;60;nalézt
3218;60;prchnout
3219;60;všimnout
3220;60;nadchnout
3221;60;táhnout
3222;60;padnout
3223;60;všimnout
3224;60;hnout
3225;60;bouchnout
3226;60;zatnout
3227;60;vanout
3228;60;vinout
3229;60;zapomenout
3230;60;přivanout
3231;60;opomenout
3232;60;vsunout
3233;60;zasunout
3234;60;odsunout
3235;60;zahynout
3236;60;plynout
3237;60;hrnout
3238;60;lnout
3239;60;zůstat
3240;60;zajmout
3241;60;počít
3242;60;začít
3243;60;načít
3244;60;tnout
3245;60;žnout
3246;60;přijmout
3247;60;najmout
3248;60;vyjmout
3249;60;sejmout
3250;60;zajmout
3251;60;odejmout
3252;60;ujmout
3253;60;obejmout
3254;60;krýt
3255;60;bít
3256;60;sbít
3257;60;šít
3258;60;výt
3259;60;lít
3260;60;umýt
3261;60;hrát
3262;60;vypít
3263;60;pít
3264;60;smát se
3265;60;hnít
3266;60;vít
3267;60;dít se
3268;60;plít
3269;60;pít
3270;60;sít
3271;60;žít
3272;60;spět
3273;60;kát se
3274;60;hrát
3275;60;zrát
3276;60;přát
zapisovat
3277;60;úkolovat
3278;60;studovat
3279;60;masírovat
3280;60;slibovat
3281;60;milovat
3282;60;vzdalovat
3283;60;plánovat
3284;60;meditovat
3285;60;riskovat
3286;60;pozorovat
3287;60;hubovat
3288;60;nevyhrožovat
3289;60;falšovat
3290;60;centrovat
3291;60;driblovat
3292;60;kombinovat
3293;60;malovat
3294;60;ukazovat
3295;60;umožňovat
3296;60;vysvětlovat
3297;60;pracovat
3298;60;kosit
3299;60;platit
3300;60;nahradit
3301;60;brousit
3302;60;zkazit
3303;60;vozit
3304;60;vyčistit
3305;60;učit
3306;60;umrtvit
3307;60;vařit
3308;60;slíbit
3309;60;připravit
3310;60;sloužit
3311;60;ztratit
3312;60;způsobit
3313;60;opustit
3314;60;krmit
3315;60;posadit se
3316;60;bzučet
3317;60;bručet
3318;60;drnčet
3319;60;ležet
3320;60;hučet
3321;60;smrdět
3322;60;sedět
3323;60;hledět
3324;60;bučet
3325;60;mečet
3326;60;klečet
3327;60;kvičet
3328;60;řinčet
3329;60;vrčet
3330;60;ryčet
3331;60;hřmět
3332;60;dunět
3333;60;kručet
3334;60;syčet
3335;60;slzet
3336;60;rozumět
3337;60;nabízet
3338;60;pouštět
3339;60;kácet
3340;60;vracet se
3341;60;neházet
3342;60;dohlížet
3343;60;střílet
3344;60;házet
3345;60;zarážet
3346;60;provádět
3347;60;předcházet
3348;60;pohlížet
3349;60;potácet se
3350;60;šedivět
3351;60;střílet
3352;60;přednášet
3353;60;porozumět
3354;60;volat
3355;60;povídat
3356;60;padat
3357;60;sundat
3358;60;kuckat
3359;60;toulat
3360;60;vítat
3361;60;podávat
3362;60;dávat
3363;60;chytat
3364;60;přehrávat
3365;60;podnikat
3366;60;mávat
3367;60;čmárat
3368;60;hárat
3369;60;dojídat
3370;60;trvat
3371;60;smrkat
3372;60;kašlat
3373;60;viklat
3374;60;zouvat
3375;60;zoufat si
3376;60;krčit
3377;60;stmívat se
3378;60;strhnout
3379;60;mýtit
3380;60;ovlivňovat
3381;60;zapadat
3382;60;kýchat
3383;60;mrkat
3384;60;mlaskat
3385;60;kupovat
3386;60;vzývat
3387;60;smrákat se
3388;60;svítat
3389;60;osvítit
3390;60;stravovat se
3391;60;otravovat
3392;60;trávit
3393;60;šustit
3394;60;třít
3395;60;dřít
3396;60;přít se
3397;60;vzdát se
3398;60;hřát se
3399;60;trvat
3400;60;mydlit
3401;60;srkat
3402;60;pochutnat si
3403;60;svírat
3404;60;měřit
3405;60;pozorovat
3406;60;sledovat
3407;60;vidět
3408;60;dívat se
3409;60;zdokonalit
3410;60;počkat
3411;60;čekat
3412;60;nakoupit
3413;60;vyprodat
3414;60;zkrachovat
3415;60;zbankrotovat
3416;60;podmínit
3417;60;podnítit
3418;60;iniciovat
3419;60;zkreslit
3420;60;zhlédnout
3421;60;nakopnout
3422;60;vykopnout
3423;60;překopnout
3424;60;vyrovnat
3425;60;rýt
3426;60;vyrýt
3427;60;posekat
3428;60;pokosit
3429;60;kosit
3430;60;strpět
3431;60;radovat se
3432;60;péct
3433;60;mazat
3434;60;věřit
3435;60;svěřit
3436;60;prověřit
3437;60;pátrat
3438;60;vypátrat
3439;60;zatknout
3440;60;posedět
3441;60;propustit
3442;60;začít
3443;60;začínat
3444;60;zůstat
3445;60;zůstávat
3446;60;přestat
3447;60;přestávat
3448;60;muset
3449;60;moci
3450;60;smět
3451;60;mít
3452;60;mýt
3453;60;chtít
3454;60;potřebovat
3455;60;odmítat
3456;60;odnímat
3457;60;okusovat
3458;60;ničit
3459;60;přepadnout
3460;60;vyděsit
3461;60;potěšit
3462;60;pohostit
3463;60;vyprázdnit
3464;60;rozloučit se
3465;60;odejít
3466;60;smířit se
3467;60;zblížit se
3468;60;splout
3469;61;venku
3470;61;zprava
3471;61;tam
3472;61;nahoře
3473;61;nahoru
3474;61;shora
3475;61;vlevo
3476;61;domů
3477;61;zdaleka
3478;61;tudy
3479;61;sem
3480;61;tady
3481;61;odtud
3482;61;dolů
3483;61;zde
3484;61;ven
3485;61;kolem
3486;61;zvenku
3487;61;doma
3488;61;kudy
3489;61;vzadu
3490;61;kde
3491;61;nikde
3492;61;někde
3493;61;kam
3494;61;někam
3495;61;nikam
3496;61;odkud
3497;61;vpravo
3498;61;doprava
3499;61;nejblíž
3500;61;jinde
3501;61;odjinud
3502;61;zprostředka
3503;61;ráno
3504;61;neustále
3505;61;právě
3506;61;večer
3507;61;dnes
3508;61;zítra
3509;61;teď
3510;61;včera
3511;61;občas
3512;61;odpoledne
3513;61;brzy
3514;61;odjakživa
3515;61;dodnes
3516;61;loni
3517;61;tehdy
3518;61;pozítří
3519;61;věčně
3520;61;kdy
3521;61;někdy
3522;61;nikdy
3523;61;odkdy
3524;61;dokdy
3525;61;dneska
3526;61;minule
3527;61;naposledy
3528;61;příště
3529;61;nejdéle
3530;61;nejdřív
3531;61;dříve
3532;61;nadosmrti
3533;61;chvílemi
3534;61;časem
3535;61;jaktěživ
3536;61;odnepaměti
3537;61;snadno
3538;61;dětsky
3539;61;špatně
3540;61;dobře
3541;61;pomalu
3542;61;tiše
3543;61;nadarmo
3544;61;obratně
3545;61;vesele
3546;61;rychle
3547;61;bezvadně
3548;61;rozumně
3549;61;skromně
3550;61;temně
3551;61;tajemně
3552;61;pilně
3553;61;slušně
3554;61;trapně
3555;61;vtipně
3556;61;odbojně
3557;61;nevědomky
3558;61;pořádně
3559;61;jak
3560;61;lépe
3561;61;hůř
3562;61;zle
3563;61;málo
3564;61;hodně
3565;61;velmi
3566;61;úplně
3567;61;poměrně
3568;61;mnoho
3569;61;trochu
3570;61;malinko
3571;61;moc
3572;61;zcela
3573;61;dost
3574;61;příliš
3575;61;kolik
3576;61;více
3577;61;nejvíc
3578;61;nejméně
3579;61;méně
3580;61;značně
3581;61;částečně
3582;61;úmyslně
3583;61;náhodou
3584;61;proto
3585;61;smíchy
3586;61;vzteky
3587;61;proto
3588;61;neúmyslně
3589;61;naschvál
3590;61;natruc
3591;61;natruc
3592;61;schválně
3593;61;naschvál
3594;61;úmyslně
3595;61;navzdory
3596;61;omylem
3597;61;nechtě
3598;61;právem
3599;61;oprávněně
3600;61;srdnatě
3601;61;naštvaně
3602;61;vesele
3603;61;radostně
3604;61;pravděpodobně
3605;61;často
3606;61;nezvykle
3607;61;nejpravděpodobněji
3608;61;prapodivněji
3609;61;zřídka
3610;61;doleva
3611;61;doprava
3612;61;rovně
3613;61;letmo
3614;61;dusno
3615;61;pršlavo
3616;61;větrno
3617;61;slunečno
3618;61;mrazivo
3619;61;tepleji
3620;61;zrána
3621;61;kvečeru
3622;61;dnes
3623;61;zítra
3624;61;teď
3625;61;zrale
3626;61;svrchu
3627;61;rád
3628;61;nerada
3629;61;vztekle
3630;61;hladověji
3631;61;nejnadšeněji
3632;61;zdáli
3633;61;zblízka
3634;61;blizoučko
3635;61;znenadání
3636;61;okamžitě
3637;61;neodkladně
3638;61;důkladně
3639;61;pokojněji
3640;61;levněji
3641;61;dráž
3642;61;lehce
3643;61;okolo
3644;62;s
3645;62;z
3646;62;v
3647;62;do
3648;62;nad
3649;62;při
3650;62;místo
3651;62;kolem
3652;62;kvůli
3653;62;během
3654;62;díky
3655;62;co do
3656;62;uvnitř
3657;62;blízko
3658;62;proti
3659;62;skrz
3660;62;od
3661;62;u
3662;62;za
3663;62;kromě
3664;62;k
3665;62;ke
3666;62;proti
3667;62;vůči
3668;62;pro
3669;62;přes
3670;62;ob
3671;62;nad
3672;62;pod
3673;62;mezi
3674;62;před
3675;62;díky
3676;62;na
3677;62;ve
3678;62;vedle
3679;62;naproti
3680;62;doprostřed
3681;62;uprostřed
3682;62;zásluhou
3683;62;zpod
3684;62;bez
3685;62;místo
3686;62;podle
3687;62;podél
3688;62;pomocí
3689;62;oproti
3690;62;vůči
3691;62;mimo
3692;62;o
3693;63;a
3694;63;i
3695;63;ani
3696;63;nebo
3697;63;anebo
3698;63;aneb
3699;63;či
3700;63;hned-hned
3701;63;jednak-jednak
3702;63;dílem-dílem
3703;63;zčásti-zčásti
3704;63;leč
3705;63;ale
3706;63;avšak
3707;63;však
3708;63;jenže
3709;63;jenomže
3710;63;nýbrž
3711;63;naopak
3712;63;sice-ale
3713;63;jistě-ale
3714;63;ba
3715;63;ba i
3716;63;dokonce
3717;63;dokonce i
3718;63;nejen
3719;63;nejen-ale i
3720;63;nejen-nýbrž i
3721;63;nadto
3722;63;nebo-nebo
3723;63;buď-buď
3724;63;buď-nebo
3725;63;totiž
3726;63;vždyť
3727;63;neboť
3728;63;však také
3729;63;proto
3730;63;a proto
3731;63;tedy
3732;63;tudíž
3733;63;a tak
3734;63;aby
3735;63;jakmile
3736;63;až
3737;63;než
3738;63;nežli
3739;63;zatímco
3740;63;když
3741;63;kdyby
3742;63;pokud
3743;63;protože
3744;63;poněvadž
3745;63;jestliže
3746;63;přestože
3747;63;ačkoli
3748;63;třebaže
3749;63;i když
3750;63;ač
3751;63;že
3752;63;navzdory
3753;63;leda
3754;63;ledaže
3755;63;čili
3756;63;neboli
3757;63;-li
3758;63;aniž
3759;63;pakliže
3760;63;sotva
3761;63;zda
3762;63;zdali
3763;63;jako by
3764;63;jako kdyby
3765;63;tak-že
3766;63;tím-že
3767;63;tolik-že
3768;64;nejspíš
3769;64;zajisté
3770;64;možná
3771;64;asi
3772;64;velmi
3773;64;velice
3774;64;příliš
3775;64;moc
3776;64;jen
3777;64;také
3778;64;třeba
3779;64;teprve
3780;64;pouze
3781;64;přímo
3782;64;přece
3783;64;ale
3784;64;prostě
3785;64;snad
3786;64;jen
3787;64;klidně
3788;64;ano
3789;64;ne
3790;64;nikoli
3791;64;samozřejmě
3792;64;bohužel
3793;64;každopádně
3794;64;naštěstí
3795;64;jestlipak
3796;64;ať
3797;64;kéž
3798;64;nechť
3799;64;i
3800;64;vlastně
3801;64;viď?
3802;64;že?
3803;65;ach
3804;65;brr
3805;65;ó
3806;65;haf
3807;65;vrkú
3808;65;prásk
3809;65;huš
3810;65;prr
3811;65;bacha
3812;65;kykyryký
3813;65;bú
3814;65;cvak
3815;65;bác
3816;65;haha
3817;65;hurá
3818;65;au
3819;65;žbluňk
3820;65;bim bam
3821;65;kšá
3822;65;jupí
3823;65;juchů
3824;65;crrr
3825;65;cha cha cha
3826;65;tik tak
3827;65;pí pí
3828;65;hej
3829;65;psst
3830;65;aha
3831;65;hmm
3832;65;ach
3833;65;ach jo
3834;65;jé
3835;65;jemine
3836;65;fuj
3837;65;mňam
3838;65;bla bla bla
3839;65;ouvej
3840;65;haló
3841;65;haf
3842;65;hybaj
3843;65;břink
3844;65;kvík
3845;65;vrrr
3846;65;chro chro
3847;65;ga ga ga
3848;65;drrrn
3849;65;hup
3850;65;hopsa
3851;65;krá krá
3852;65;cukrú
3853;65;vrkú
3854;65;áaaa
3855;65;basta
3856;65;propánajána
3857;65;brr
3858;65;prrr
3859;65;běda
3860;65;vida